name,make,model,year,price,cylinders,transmission,trim,body,drivetrain
2024 Jeep Wagoneer Series II,Jeep,Wagoneer,2024,74600.0,6.0,8-Speed Automatic,Series II,SUV,Four-wheel Drive
2024 Jeep Grand Cherokee Laredo,Jeep,Grand Cherokee,2024,50170.0,6.0,8-Speed Automatic,Laredo,SUV,Four-wheel Drive
2024 GMC Yukon XL Denali,GMC,Yukon XL,2024,96410.0,8.0,Automatic,Denali,SUV,Four-wheel Drive
2024 RAM 3500 Laramie,RAM,3500,2024,81663.0,6.0,6-Speed Automatic,Laramie,Pickup Truck,Four-wheel Drive
2024 Nissan Murano Platinum,Nissan,Murano,2024,46000.0,6.0,Automatic CVT,Platinum,SUV,All-wheel Drive
2024 Jeep Wagoneer Base,Jeep,Wagoneer,2024,63862.0,6.0,8-Speed Automatic,Base,SUV,Rear-wheel Drive
2024 Ford F-350 Lariat Super Duty,Ford,F-350,2024,89978.0,8.0,10-Speed Automatic,Lariat Super Duty,Pickup Truck,Four-wheel Drive
2024 Hyundai Tucson Hybrid Limited,Hyundai,Tucson Hybrid,2024,42230.0,4.0,6-Speed Automatic,Limited,SUV,All-wheel Drive
2024 Jeep Grand Cherokee Altitude,Jeep,Grand Cherokee,2024,42773.0,6.0,Automatic,Altitude,SUV,Four-wheel Drive
2024 Jeep Compass Latitude,Jeep,Compass,2024,37743.0,4.0,8-Speed Automatic,Latitude,SUV,Four-wheel Drive
2024 RAM 3500 Tradesman,RAM,3500,2024,60904.0,6.0,Automatic,Tradesman,Pickup Truck,Four-wheel Drive
2024 Hyundai Santa Cruz 2.5T Limited,Hyundai,Santa Cruz,2024,43419.0,4.0,8-Speed Automatic with Auto-Shift,2.5T Limited,Pickup Truck,All-wheel Drive
2024 Jeep Grand Cherokee Altitude,Jeep,Grand Cherokee,2024,44022.0,6.0,Automatic,Altitude,SUV,Four-wheel Drive
2024 Chevrolet Blazer EV 2LT,Chevrolet,Blazer EV,2024,51695.0,Electric,1-Speed Automatic,2LT,SUV,All-wheel Drive
2024 Hyundai Santa Cruz 2.5T XRT,Hyundai,Santa Cruz,2024,38574.0,4.0,8-Speed Automatic with Auto-Shift,2.5T XRT,Pickup Truck,All-wheel Drive
2024 Nissan Murano Platinum,Nissan,Murano,2024,48000.0,6.0,Automatic CVT,Platinum,SUV,All-wheel Drive
2024 Ford Explorer Timberline,Ford,Explorer,2024,53190.0,4.0,10-Speed Automatic,Timberline,SUV,Four-wheel Drive
2024 Volkswagen Taos 1.5T SE,Volkswagen,Taos,2024,32751.0,4.0,7-Speed DSG Automatic with Tiptronic,1.5T SE,SUV,All-wheel Drive
2024 Volkswagen Jetta 1.4T S,Volkswagen,Jetta,2024,24348.0,4.0,8-Speed Automatic with Tiptronic,1.4T S,Sedan,Front-wheel Drive
2024 RAM 3500 Tradesman,RAM,3500,2024,65221.0,6.0,Automatic,Tradesman,Pickup Truck,Four-wheel Drive
2024 Dodge Hornet R/T,Dodge,Hornet,2024,39491.0,4.0,6-Speed Automatic,R/T,SUV,All-wheel Drive
2024 Hyundai Tucson SEL,Hyundai,Tucson,2024,30305.0,4.0,8-Speed Automatic,SEL,SUV,Front-wheel Drive
2024 GMC Terrain Denali,GMC,Terrain,2024,44120.0,4.0,Automatic,Denali,SUV,All-wheel Drive
2024 Hyundai Santa Cruz 2.5L SEL,Hyundai,Santa Cruz,2024,33160.0,4.0,8-Speed Automatic,2.5L SEL,Pickup Truck,All-wheel Drive
2024 Ford Explorer XLT,Ford,Explorer,2024,40940.0,4.0,10-Speed Automatic,XLT,SUV,Rear-wheel Drive
2024 Jeep Compass Limited,Jeep,Compass,2024,34084.0,4.0,8-Speed Automatic,Limited,SUV,Four-wheel Drive
2024 Chrysler Pacifica Touring-L,Chrysler,Pacifica,2024,48705.0,6.0,9-Speed Automatic,Touring-L,Passenger Van,All-wheel Drive
2024 Chevrolet Blazer EV 2LT,Chevrolet,Blazer EV,2024,52190.0,Electric,1-Speed Automatic,2LT,SUV,All-wheel Drive
2024 RAM 2500 Tradesman,RAM,2500,2024,58855.0,8.0,Automatic,Tradesman,Pickup Truck,Four-wheel Drive
2024 Nissan Murano SV,Nissan,Murano,2024,39867.0,6.0,Automatic CVT,SV,SUV,Front-wheel Drive
2024 Ford Transit-250 148 WB Medium Roof Cargo,Ford,Transit-250,2024,53595.0,6.0,Automatic,148 WB Medium Roof Cargo,Cargo Van,Rear-wheel Drive
2024 Kia EV6 GT,Kia,EV6,2024,49820.0,Electric,Automatic,GT,SUV,All-wheel Drive
2024 Volkswagen Jetta 1.4T SE,Volkswagen,Jetta,2024,27175.0,4.0,8-Speed Automatic with Tiptronic,1.4T SE,Sedan,Front-wheel Drive
2024 Ford Mustang Mach-E Premium,Ford,Mustang Mach-E,2024,47790.0,Electric,1-Speed Automatic,Premium,SUV,All-wheel Drive
2024 Chevrolet Silverado 1500 RST,Chevrolet,Silverado 1500,2024,58610.0,8.0,Automatic,RST,Pickup Truck,Four-wheel Drive
2024 Kia Seltos EX,Kia,Seltos,2024,29640.0,4.0,Automatic CVT,EX,SUV,All-wheel Drive
2024 Chevrolet Blazer 3LT,Chevrolet,Blazer,2024,43727.0,6.0,9-Speed Automatic,3LT,SUV,All-wheel Drive
2024 GMC Terrain SLE,GMC,Terrain,2024,35870.0,4.0,Automatic,SLE,SUV,All-wheel Drive
2024 RAM 3500 Tradesman,RAM,3500,2024,64670.0,6.0,Automatic,Tradesman,Pickup Truck,Four-wheel Drive
2024 Jeep Wrangler Sport S,Jeep,Wrangler,2024,46973.0,4.0,Automatic,Sport S,SUV,Four-wheel Drive
2024 Jeep Grand Cherokee 4xe Trailhawk,Jeep,Grand Cherokee 4xe,2024,54905.0,4.0,8-Speed Automatic,Trailhawk,SUV,Four-wheel Drive
2024 Mazda CX-90 PHEV Preferred,Mazda,CX-90 PHEV,2024,50915.0,4.0,8-Speed Automatic,Preferred,SUV,All-wheel Drive
2024 Acura MDX Advance,Acura,MDX,2024,65595.0,6.0,10-Speed Automatic,Advance,SUV,All-wheel Drive
2024 Jeep Compass Latitude,Jeep,Compass,2024,28860.0,4.0,8-Speed Automatic,Latitude,SUV,Four-wheel Drive
2024 Subaru Outback Wilderness,Subaru,Outback,2024,44354.0,4.0,Automatic CVT,Wilderness,SUV,All-wheel Drive
2024 Volkswagen Atlas Cross Sport 2.0T SEL,Volkswagen,Atlas Cross Sport,2024,51721.0,4.0,8-speed automatic,2.0T SEL,SUV,All-wheel Drive
2024 Hyundai IONIQ 5 SE Standard Range,Hyundai,IONIQ 5,2024,44195.0,Electric,1-Speed Automatic,SE Standard Range,SUV,Rear-wheel Drive
2024 Audi Q8 e-tron S line Premium,Audi,Q8 e-tron,2024,86670.0,Electric,Automatic,S line Premium,SUV,All-wheel Drive
2024 Volkswagen Jetta 1.4T S,Volkswagen,Jetta,2024,24348.0,4.0,8-Speed Automatic with Tiptronic,1.4T S,Sedan,Front-wheel Drive
2024 Hyundai Sonata Hybrid Limited,Hyundai,Sonata Hybrid,2024,38870.0,4.0,6-Speed Automatic,Limited,Sedan,Front-wheel Drive
2024 Kia EV9 Light Long Range,Kia,EV9,2024,52388.0,Electric,1-Speed Automatic,Light Long Range,SUV,Rear-wheel Drive
2024 Dodge Durango R/T,Dodge,Durango,2024,58709.0,8.0,8-Speed Automatic,R/T,SUV,All-wheel Drive
2024 Dodge Hornet R/T EAWD,Dodge,Hornet,2024,42855.0,4.0,6-Speed Automatic,R/T EAWD,SUV,All-wheel Drive
2024 Dodge Hornet GT,Dodge,Hornet,2024,34990.0,4.0,9-Speed Automatic,GT,SUV,All-wheel Drive
2024 Kia Sportage Hybrid EX,Kia,Sportage Hybrid,2024,34835.0,4.0,Automatic,EX,SUV,All-wheel Drive
2024 GMC Terrain SLE,GMC,Terrain,2024,35870.0,4.0,Automatic,SLE,SUV,All-wheel Drive
2024 Ford Expedition XLT,Ford,Expedition,2024,69955.0,6.0,10-Speed Automatic,XLT,SUV,Four-wheel Drive
2024 Dodge Hornet R/T,Dodge,Hornet,2024,39581.0,4.0,6-Speed Automatic,R/T,SUV,All-wheel Drive
2024 Volkswagen Atlas 2.0T Peak Edition SE w/Technology,Volkswagen,Atlas,2024,49166.0,4.0,8-Speed Automatic,2.0T Peak Edition SE w/Technology,SUV,All-wheel Drive
2024 Hyundai IONIQ 5 Limited,Hyundai,IONIQ 5,2024,55365.0,Electric,1-Speed Automatic,Limited,SUV,Rear-wheel Drive
2024 Jeep Grand Cherokee L Limited,Jeep,Grand Cherokee L,2024,51360.0,6.0,8-Speed Automatic,Limited,SUV,Rear-wheel Drive
2024 Hyundai Tucson Limited,Hyundai,Tucson,2024,40474.0,4.0,Automatic,Limited,SUV,All-wheel Drive
2024 BMW X7 xDrive40i,BMW,X7,2024,89450.0,6.0,8-Speed Automatic,xDrive40i,SUV,All-wheel Drive
2024 Jeep Compass Latitude,Jeep,Compass,2024,28860.0,4.0,8-Speed Automatic,Latitude,SUV,Four-wheel Drive
2024 Toyota Tundra Hybrid Limited,Toyota,Tundra Hybrid,2024,62341.0,6.0,10-Speed Automatic,Limited,Pickup Truck,Four-wheel Drive
2024 Hyundai IONIQ 5 SE,Hyundai,IONIQ 5,2024,42015.0,Electric,1-Speed Automatic,SE,SUV,All-wheel Drive
2024 Nissan Kicks SV,Nissan,Kicks,2024,24500.0,4.0,CVT,SV,SUV,Front-wheel Drive
2024 Buick Envista Preferred,Buick,Envista,2024,27075.0,3.0,6-Speed Automatic,Preferred,SUV,Front-wheel Drive
2024 Acura MDX Base,Acura,MDX,2024,51645.0,6.0,10-Speed Automatic,Base,SUV,Front-wheel Drive
2024 Nissan Rogue SV,Nissan,Rogue,2024,35975.0,3.0,Automatic,SV,SUV,All-wheel Drive
2024 Jeep Wagoneer Base,Jeep,Wagoneer,2024,63057.0,6.0,8-Speed Automatic,Base,SUV,Four-wheel Drive
2024 Nissan Rogue SV,Nissan,Rogue,2024,36405.0,3.0,Automatic,SV,SUV,All-wheel Drive
2024 Jeep Wagoneer L Series II Carbide 4x4,Jeep,Wagoneer L,2024,86137.0,6.0,Automatic,Series II Carbide 4x4,SUV,Four-wheel Drive
2024 Kia Sportage S,Kia,Sportage,2024,27969.0,4.0,8-Speed Automatic,S,SUV,Front-wheel Drive
2024 Acura MDX Base,Acura,MDX,2024,51645.0,6.0,10-Speed Automatic,Base,SUV,Front-wheel Drive
2024 RAM 3500 Tradesman,RAM,3500,2024,63223.0,6.0,Automatic,Tradesman,Pickup Truck,Four-wheel Drive
2024 Nissan Murano Platinum,Nissan,Murano,2024,46000.0,6.0,Automatic CVT,Platinum,SUV,All-wheel Drive
2024 GMC Yukon XL Denali,GMC,Yukon XL,2024,96410.0,8.0,Automatic,Denali,SUV,Four-wheel Drive
2024 Nissan Rogue SL,Nissan,Rogue,2024,41180.0,3.0,Automatic,SL,SUV,All-wheel Drive
2024 Dodge Hornet R/T,Dodge,Hornet,2024,44720.0,4.0,6-Speed Automatic,R/T,SUV,All-wheel Drive
2024 Jeep Grand Cherokee L Limited,Jeep,Grand Cherokee L,2024,49390.0,6.0,8-Speed Automatic,Limited,SUV,Four-wheel Drive
2024 Jeep Compass Latitude,Jeep,Compass,2024,28860.0,4.0,8-Speed Automatic,Latitude,SUV,Four-wheel Drive
2024 Mercedes-Benz EQE 350+ Base,Mercedes-Benz,EQE 350+,2024,76535.0,Electric,1-Speed Automatic,Base,Sedan,Rear-wheel Drive
2024 Buick Envista Avenir,Buick,Envista,2024,31805.0,3.0,6-Speed Automatic,Avenir,SUV,Front-wheel Drive
2024 Dodge Durango GT,Dodge,Durango,2024,44160.0,6.0,8-Speed Automatic,GT,SUV,Rear-wheel Drive
2024 Hyundai Sonata SEL,Hyundai,Sonata,2024,28469.0,4.0,8-Speed Automatic,SEL,Sedan,All-wheel Drive
2024 RAM 3500 Tradesman,RAM,3500,2024,58930.0,6.0,6-Speed Automatic,Tradesman,Pickup Truck,Four-wheel Drive
2024 GMC Terrain SLT,GMC,Terrain,2024,35236.0,4.0,9-Speed Automatic,SLT,SUV,All-wheel Drive
2024 Jeep Wagoneer Base,Jeep,Wagoneer,2024,60555.0,6.0,8-Speed Automatic,Base,SUV,Rear-wheel Drive
2024 Ford Ranger XL,Ford,Ranger,2024,38740.0,4.0,10-Speed Automatic,XL,Pickup Truck,Four-wheel Drive
2024 Audi SQ5 Premium Plus,Audi,SQ5,2024,0.0,6.0,Automatic,Premium Plus,SUV,All-wheel Drive
2024 RAM 3500 Tradesman Crew Cab 4x4 8' Box,RAM,3500,2024,66334.0,6.0,Automatic,Tradesman Crew Cab 4x4 8&#39; Box,Pickup Truck,Four-wheel Drive
2024 Audi Q5 e 55 Premium Plus,Audi,Q5 e,2024,73020.0,4.0,7-Speed Automatic S tronic,55 Premium Plus,SUV,All-wheel Drive
2024 RAM 3500 Laramie,RAM,3500,2024,89555.0,6.0,Automatic,Laramie,Pickup Truck,Four-wheel Drive
2024 RAM 3500 Tradesman,RAM,3500,2024,65315.0,6.0,6-Speed Automatic,Tradesman,Pickup Truck,Four-wheel Drive
2024 Mazda CX-90 PHEV Premium Plus,Mazda,CX-90 PHEV,2024,58599.0,4.0,Automatic,Premium Plus,SUV,All-wheel Drive
2024 Dodge Hornet R/T Plus,Dodge,Hornet,2024,47234.0,4.0,6-Speed Automatic,R/T Plus,SUV,All-wheel Drive
2024 Chevrolet Silverado 1500 Custom,Chevrolet,Silverado 1500,2024,44161.0,4.0,8-Speed Automatic,Custom,Pickup Truck,Four-wheel Drive
2024 Chevrolet Silverado 1500 LT,Chevrolet,Silverado 1500,2024,49496.0,8.0,Automatic,LT,Pickup Truck,Four-wheel Drive
2024 Chevrolet Silverado 1500 WT,Chevrolet,Silverado 1500,2024,43475.0,4.0,Automatic,WT,Pickup Truck,Four-wheel Drive
2024 Chevrolet Silverado 1500 RST,Chevrolet,Silverado 1500,2024,54559.0,8.0,Automatic,RST,Pickup Truck,Four-wheel Drive
2024 Mercedes-Benz Sprinter 2500 Standard Roof,Mercedes-Benz,Sprinter 2500,2024,60061.0,4.0,9-Speed Automatic,Standard Roof,Cargo Van,Rear-wheel Drive
2024 Jeep Compass Latitude,Jeep,Compass,2024,28867.0,4.0,Automatic,Latitude,SUV,Four-wheel Drive
2024 Honda CR-V Hybrid Sport Touring,Honda,CR-V Hybrid,2024,42005.0,4.0,Automatic CVT,Sport Touring,SUV,All-wheel Drive
2024 Hyundai IONIQ 6 SEL,Hyundai,IONIQ 6,2024,45005.0,Electric,Automatic,SEL,Sedan,Rear-wheel Drive
2024 Hyundai Tucson Hybrid SEL Convenience,Hyundai,Tucson Hybrid,2024,35864.0,4.0,6-Speed Automatic,SEL Convenience,SUV,All-wheel Drive
2024 Kia Sportage X-Line,Kia,Sportage,2024,34000.0,4.0,8-Speed Automatic,X-Line,SUV,All-wheel Drive
2024 Jeep Compass Sport,Jeep,Compass,2024,29342.0,4.0,Automatic,Sport,SUV,Four-wheel Drive
2024 Ford Transit-150 Base,Ford,Transit-150,2024,55645.0,6.0,10-Speed Automatic,Base,Cargo Van,All-wheel Drive
2024 Audi Q8 e-tron Premium,Audi,Q8 e-tron,2024,83630.0,Electric,Automatic,Premium,SUV,All-wheel Drive
2024 Jeep Wrangler 4-Door Sahara 4x4,Jeep,Wrangler,2024,59456.0,6.0,Automatic,4-Door Sahara 4x4,SUV,Four-wheel Drive
2024 Jeep Grand Cherokee Laredo,Jeep,Grand Cherokee,2024,39714.0,6.0,Automatic,Laredo,SUV,Four-wheel Drive
2024 Chevrolet Silverado 1500 LT,Chevrolet,Silverado 1500,2024,49628.0,8.0,Automatic,LT,Pickup Truck,Four-wheel Drive
2024 Hyundai Tucson Hybrid Blue,Hyundai,Tucson Hybrid,2024,33089.0,4.0,6-Speed Automatic,Blue,SUV,All-wheel Drive
2024 Mercedes-Benz EQE 350+ Base,Mercedes-Benz,EQE 350+,2024,79765.0,Electric,1-Speed Automatic,Base,Sedan,Rear-wheel Drive
2024 Jeep Compass Limited,Jeep,Compass,2024,38980.0,4.0,8-Speed Automatic,Limited,SUV,Four-wheel Drive
2024 Hyundai Santa Fe Calligraphy,Hyundai,Santa Fe,2024,49905.0,4.0,Automatic,Calligraphy,SUV,All-wheel Drive
2024 Jeep Grand Cherokee 4xe 4x4,Jeep,Grand Cherokee 4xe,2024,58235.0,4.0,Automatic,4x4,SUV,Four-wheel Drive
2024 Volkswagen Taos 1.5T SE,Volkswagen,Taos,2024,27998.0,4.0,7-Speed DSGA? Automatic w/ 4MO,1.5T SE,SUV,All-wheel Drive
2024 Chevrolet Equinox LS,Chevrolet,Equinox,2024,25515.0,4.0,6-Speed Automatic Electronic with Overdrive,LS,SUV,Front-wheel Drive
2024 Subaru Solterra Premium,Subaru,Solterra,2024,39934.0,Electric,1-Speed Automatic,Premium,SUV,All-wheel Drive
2024 Jeep Wrangler 4xe Rubicon,Jeep,Wrangler 4xe,2024,66960.0,4.0,8-Speed Automatic,Rubicon,SUV,Four-wheel Drive
2024 Mazda CX-90 PHEV Base,Mazda,CX-90 PHEV,2024,53395.0,4.0,8-Speed Automatic,Base,SUV,All-wheel Drive
2024 Hyundai IONIQ 5 Disney100 Platinum Edition,Hyundai,IONIQ 5,2024,61775.0,Electric,Automatic,Disney100 Platinum Edition,SUV,All-wheel Drive
2024 RAM ProMaster 2500 High Roof,RAM,ProMaster 2500,2024,53272.0,6.0,9-Speed Automatic,High Roof,Cargo Van,Front-wheel Drive
2024 Lincoln Corsair Reserve,Lincoln,Corsair,2024,51361.0,4.0,8-Speed Automatic,Reserve,SUV,All-wheel Drive
2024 GMC Savana 2500 Work Van,GMC,Savana 2500,2024,44595.0,6.0,Automatic,Work Van,Cargo Van,Rear-wheel Drive
2024 Chrysler Pacifica Hybrid Select,Chrysler,Pacifica Hybrid,2024,60600.0,6.0,Automatic CVT,Select,Passenger Van,Front-wheel Drive
2024 Dodge Hornet GT,Dodge,Hornet,2024,38575.0,4.0,9-Speed Automatic,GT,SUV,All-wheel Drive
2024 Acura ZDX A-SPEC,Acura,ZDX,2024,69850.0,0.0,Automatic,A-SPEC,SUV,All-wheel Drive
2024 Nissan Altima 2.5 SV,Nissan,Altima,2024,31225.0,4.0,Automatic CVT,2.5 SV,Sedan,Front-wheel Drive
2024 Hyundai Sonata Hybrid SEL,Hyundai,Sonata Hybrid,2024,32520.0,4.0,6-Speed Automatic,SEL,Sedan,Front-wheel Drive
2024 Mazda CX-90 PHEV Base,Mazda,CX-90 PHEV,2024,60200.0,4.0,Automatic,Base,SUV,All-wheel Drive
2024 Mercedes-Benz EQS 450 Base 4MATIC,Mercedes-Benz,EQS 450,2024,113030.0,Electric,Automatic,Base 4MATIC,Sedan,All-wheel Drive
2024 Dodge Hornet GT AWD,Dodge,Hornet,2024,36532.0,4.0,9-Speed 948TE Automatic,GT AWD,SUV,All-wheel Drive
2024 Jeep Grand Cherokee 4xe Anniversary Edition,Jeep,Grand Cherokee 4xe,2024,61506.0,4.0,Automatic,Anniversary Edition,SUV,Four-wheel Drive
2024 Mazda CX-90 PHEV Base,Mazda,CX-90 PHEV,2024,59625.0,4.0,8-Speed Automatic,Base,SUV,All-wheel Drive
2024 Mercedes-Benz EQS 450 Base 4MATIC,Mercedes-Benz,EQS 450,2024,109545.0,Electric,1-Speed Automatic,Base 4MATIC,SUV,All-wheel Drive
2024 Dodge Hornet Hornet Gt Awd,Dodge,Hornet,2024,35480.0,4.0,Automatic,Hornet Gt Awd,SUV,All-wheel Drive
2024 Jeep Compass Latitude,Jeep,Compass,2024,31200.0,4.0,8-Speed Automatic,Latitude,SUV,Four-wheel Drive
2024 Jeep Wrangler 4xe Sport S,Jeep,Wrangler 4xe,2024,54835.0,4.0,8-Speed A/T,Sport S,SUV,Four-wheel Drive
2024 Jeep Grand Cherokee Limited,Jeep,Grand Cherokee,2024,52115.0,6.0,8-Speed Automatic,Limited,SUV,Four-wheel Drive
2024 Volkswagen Taos 1.5T SE,Volkswagen,Taos,2024,32011.0,4.0,8-speed automatic,1.5T SE,SUV,Front-wheel Drive
2024 RAM ProMaster 3500 High Roof,RAM,ProMaster 3500,2024,53099.0,6.0,9-Speed Automatic,High Roof,Cargo Van,Front-wheel Drive
2024 Volkswagen Taos 1.5T SE,Volkswagen,Taos,2024,30383.0,4.0,8-Speed Automatic,1.5T SE,SUV,Front-wheel Drive
2024 Cadillac XT5 Luxury,Cadillac,XT5,2024,46890.0,4.0,9-Speed Automatic,Luxury,SUV,Front-wheel Drive
2024 Jeep Grand Cherokee Laredo,Jeep,Grand Cherokee,2024,37729.0,6.0,Automatic,Laredo,SUV,Four-wheel Drive
2024 Jeep Wrangler 4xe Sport,Jeep,Wrangler 4xe,2024,53535.0,4.0,8-Speed Automatic,Sport,SUV,Four-wheel Drive
2024 Dodge Hornet R/T Plus,Dodge,Hornet,2024,44600.0,4.0,6-Speed Automatic,R/T Plus,SUV,All-wheel Drive
2024 Dodge Durango GT,Dodge,Durango,2024,45038.0,6.0,8-Speed Automatic,GT,SUV,All-wheel Drive
2024 Acura MDX Technology,Acura,MDX,2024,56155.0,6.0,10-Speed Automatic,Technology,SUV,All-wheel Drive
2024 Jeep Wrangler Rubicon,Jeep,Wrangler,2024,60972.0,6.0,Automatic,Rubicon,SUV,Four-wheel Drive
2024 Dodge Hornet R/T EAWD,Dodge,Hornet,2024,41497.0,4.0,6-Speed Automatic,R/T EAWD,SUV,All-wheel Drive
2024 Volkswagen Taos 1.5T S,Volkswagen,Taos,2024,25311.0,4.0,7-Speed DSGA? Automatic w/ 4MO,1.5T S,SUV,All-wheel Drive
2024 INFINITI QX50 LUXE,INFINITI,QX50,2024,48350.0,4.0,Variable,LUXE,SUV,Front-wheel Drive
2024 Nissan Versa 1.6 SV,Nissan,Versa,2024,21000.0,4.0,Automatic CVT,1.6 SV,Sedan,Front-wheel Drive
2024 GMC Savana 2500 Work Van,GMC,Savana 2500,2024,44620.0,6.0,Automatic,Work Van,Cargo Van,Rear-wheel Drive
2024 Mercedes-Benz AMG GLE 53 Base,Mercedes-Benz,AMG GLE 53,2024,90995.0,6.0,9-Speed Automatic,Base,SUV,All-wheel Drive
2024 Mazda CX-90 PHEV Premium,Mazda,CX-90 PHEV,2024,56079.0,4.0,8-Speed Automatic,Premium,SUV,All-wheel Drive
2024 Ford F-350 XL,Ford,F-350,2024,52263.0,8.0,10-Speed Automatic,XL,Pickup Truck,Four-wheel Drive
2024 Dodge Hornet R/T,Dodge,Hornet,2024,42991.0,4.0,6-Speed Automatic,R/T,SUV,All-wheel Drive
2024 Jeep Grand Cherokee 4xe Trailhawk,Jeep,Grand Cherokee 4xe,2024,54910.0,4.0,8-Speed Automatic,Trailhawk,SUV,Four-wheel Drive
2024 Audi A5 Sportback S line Premium Plus,Audi,A5 Sportback,2024,56105.0,4.0,7-Speed Automatic with Auto-Shift,S line Premium Plus,Hatchback,All-wheel Drive
2024 Lincoln Nautilus Reserve,Lincoln,Nautilus,2024,64370.0,4.0,8-Speed Automatic,Reserve,SUV,All-wheel Drive
2024 Chevrolet Trailblazer RS,Chevrolet,Trailblazer,2024,32580.0,3.0,9-Speed Automatic,RS,SUV,All-wheel Drive
2024 BMW i4 Gran Coupe eDrive40,BMW,i4 Gran Coupe,2024,69685.0,Electric,1-Speed Automatic,eDrive40,Hatchback,Rear-wheel Drive
2024 Hyundai Santa Cruz 2.5L SEL,Hyundai,Santa Cruz,2024,34330.0,4.0,8-Speed Automatic,2.5L SEL,Pickup Truck,All-wheel Drive
2024 Dodge Hornet GT AWD,Dodge,Hornet,2024,37430.0,4.0,9-Speed A/T,GT AWD,SUV,All-wheel Drive
2024 Hyundai Santa Cruz 2.5T XRT,Hyundai,Santa Cruz,2024,42015.0,4.0,8-Speed Automatic with Auto-Shift,2.5T XRT,Pickup Truck,All-wheel Drive
2024 Hyundai Santa Cruz 2.5L SEL,Hyundai,Santa Cruz,2024,32925.0,4.0,8-Speed Automatic,2.5L SEL,Pickup Truck,All-wheel Drive
2024 Jeep Wrangler 4xe Sahara,Jeep,Wrangler 4xe,2024,57870.0,4.0,8-Speed Automatic,Sahara,SUV,Four-wheel Drive
2024 Jeep Compass Latitude,Jeep,Compass,2024,28265.0,4.0,8-Speed Automatic,Latitude,SUV,Four-wheel Drive
2024 Volkswagen Taos 1.5T SE,Volkswagen,Taos,2024,30618.0,4.0,7-Speed DSGA? Automatic w/ 4MO,1.5T SE,SUV,All-wheel Drive
2024 Ford Escape Active,Ford,Escape,2024,31985.0,3.0,8-Speed Automatic,Active,SUV,Front-wheel Drive
2024 Ford Bronco Sport Outer Banks,Ford,Bronco Sport,2024,35210.0,3.0,8-Speed Automatic,Outer Banks,SUV,Four-wheel Drive
2024 Hyundai Santa Fe XRT,Hyundai,Santa Fe,2024,42455.0,4.0,Automatic,XRT,SUV,All-wheel Drive
2024 Hyundai IONIQ 5 SEL,Hyundai,IONIQ 5,2024,49795.0,Electric,1-Speed Automatic,SEL,SUV,Rear-wheel Drive
2024 Jeep Compass Latitude,Jeep,Compass,2024,31721.0,4.0,8-Speed Automatic,Latitude,SUV,Four-wheel Drive
2024 Dodge Durango GT,Dodge,Durango,2024,44852.0,6.0,8-Speed Automatic,GT,SUV,All-wheel Drive
2024 Dodge Hornet GT AWD,Dodge,Hornet,2024,32485.0,4.0,9 Spd Automatic,GT AWD,SUV,All-wheel Drive
2024 Jeep Grand Cherokee L Laredo,Jeep,Grand Cherokee L,2024,39370.0,6.0,8-Speed Automatic,Laredo,SUV,Four-wheel Drive
2024 Dodge Hornet R/T,Dodge,Hornet,2024,45844.0,4.0,6-Speed Automatic,R/T,SUV,All-wheel Drive
2024 Jeep Wagoneer L Series II,Jeep,Wagoneer L,2024,78543.0,6.0,8-Speed Automatic,Series II,SUV,Four-wheel Drive
2024 Hyundai Elantra HEV Blue,Hyundai,Elantra HEV,2024,27080.0,4.0,Automatic,Blue,Sedan,Front-wheel Drive
2024 RAM 3500 Laramie Crew Cab 4x4 8' Box,RAM,3500,2024,83940.0,6.0,Automatic,Laramie Crew Cab 4x4 8&#39; Box,Pickup Truck,Four-wheel Drive
2024 Volkswagen Atlas Cross Sport 2.0T SEL R-Line,Volkswagen,Atlas Cross Sport,2024,48541.0,4.0,8-Speed Automatic,2.0T SEL R-Line,SUV,All-wheel Drive
2024 RAM 3500 Laramie Crew Cab 4x4 8' Box,RAM,3500,2024,81036.0,6.0,Automatic,Laramie Crew Cab 4x4 8&#39; Box,Pickup Truck,Four-wheel Drive
2024 Mazda CX-90 PHEV Premium,Mazda,CX-90 PHEV,2024,54949.0,4.0,Automatic,Premium,SUV,All-wheel Drive
2024 RAM 3500 Tradesman/SLT/Laramie/Limited,RAM,3500,2024,67562.0,6.0,Automatic,Tradesman/SLT/Laramie/Limited,Pickup Truck,Four-wheel Drive
2024 Mazda CX-90 PHEV Premium Plus,Mazda,CX-90 PHEV,2024,58399.0,4.0,Automatic,Premium Plus,SUV,All-wheel Drive
2024 Lexus RX 500h F SPORT PERFORMANCE,Lexus,RX 500h,2024,73270.0,4.0,6-Speed Automatic,F SPORT PERFORMANCE,SUV,All-wheel Drive
2024 RAM 3500 Laramie Mega Cab 4x4 6'4' Box,RAM,3500,2024,89040.0,6.0,Aisin 6-Speed Automatic,Laramie Mega Cab 4x4 6&#39;4&#39; Box,Pickup Truck,Four-wheel Drive
2024 Hyundai IONIQ 5 SEL,Hyundai,IONIQ 5,2024,52905.0,Electric,1-Speed Automatic,SEL,SUV,All-wheel Drive
2024 Ford Mustang Mach-E Premium,Ford,Mustang Mach-E,2024,46920.0,Electric,1-Speed Automatic,Premium,SUV,All-wheel Drive
2024 Chevrolet Silverado 1500 LT Trail Boss,Chevrolet,Silverado 1500,2024,65175.0,6.0,Automatic,LT Trail Boss,Pickup Truck,Four-wheel Drive
2024 Nissan Versa 1.6 SR,Nissan,Versa,2024,20389.0,4.0,Automatic CVT,1.6 SR,Sedan,Front-wheel Drive
2024 Mazda CX-90 PHEV Preferred,Mazda,CX-90 PHEV,2024,50599.0,4.0,Automatic,Preferred,SUV,All-wheel Drive
2024 Hyundai Santa Fe SE 2.4,Hyundai,Santa Fe,2024,38100.0,4.0,Automatic,SE 2.4,SUV,All-wheel Drive
2024 Kia Sportage EX,Kia,Sportage,2024,31190.0,4.0,8-Speed Automatic,EX,SUV,Front-wheel Drive
2024 Jeep Wrangler 4xe Sport,Jeep,Wrangler 4xe,2024,50755.0,4.0,8-Speed Automatic,Sport,SUV,Four-wheel Drive
2024 Hyundai IONIQ 5 SEL,Hyundai,IONIQ 5,2024,42201.0,Electric,Automatic,SEL,SUV,Rear-wheel Drive
2024 Honda Prologue TOURING,Honda,Prologue,2024,55800.0,Electric,1-Speed Automatic,TOURING,SUV,All-wheel Drive
2024 Hyundai Tucson Hybrid SEL Convenience,Hyundai,Tucson Hybrid,2024,35404.0,4.0,6-Speed Automatic,SEL Convenience,SUV,All-wheel Drive
2024 Hyundai Tucson Hybrid N Line,Hyundai,Tucson Hybrid,2024,35656.0,4.0,6-Speed Automatic,N Line,SUV,All-wheel Drive
2024 Jeep Compass Latitude,Jeep,Compass,2024,32660.0,4.0,8-Speed Automatic,Latitude,SUV,Four-wheel Drive
2024 Hyundai IONIQ 6 SE,Hyundai,IONIQ 6,2024,50850.0,Electric,Automatic,SE,Sedan,All-wheel Drive
2024 Jeep Wrangler 4xe Rubicon,Jeep,Wrangler 4xe,2024,61860.0,4.0,8-Speed Automatic,Rubicon,SUV,Four-wheel Drive
2024 Volkswagen Taos 1.5T S,Volkswagen,Taos,2024,25895.0,4.0,7-Speed DSGA? Automatic w/ 4MO,1.5T S,SUV,All-wheel Drive
2024 Nissan Kicks SR,Nissan,Kicks,2024,26600.0,4.0,CVT,SR,SUV,Front-wheel Drive
2024 BMW i5 M60,BMW,i5,2024,91825.0,Electric,1-Speed Automatic,M60,Sedan,All-wheel Drive
2024 Hyundai Santa Cruz 2.5L SEL,Hyundai,Santa Cruz,2024,37325.0,4.0,8-Speed Automatic,2.5L SEL,Pickup Truck,All-wheel Drive
2024 Jeep Grand Cherokee Limited,Jeep,Grand Cherokee,2024,52642.0,6.0,8-Speed Automatic,Limited,SUV,Four-wheel Drive
2024 Jeep Compass Limited,Jeep,Compass,2024,40235.0,4.0,8-Speed Automatic,Limited,SUV,Four-wheel Drive
2024 Hyundai Santa Cruz 2.5T XRT,Hyundai,Santa Cruz,2024,42064.0,4.0,8-Speed Automatic with Auto-Shift,2.5T XRT,Pickup Truck,All-wheel Drive
2024 Hyundai Tucson Hybrid Limited,Hyundai,Tucson Hybrid,2024,39832.0,4.0,6-Speed Automatic,Limited,SUV,All-wheel Drive
2024 Jeep Wagoneer Base,Jeep,Wagoneer,2024,65928.0,6.0,8-Speed Automatic,Base,SUV,Four-wheel Drive
2024 Dodge Hornet R/T EAWD,Dodge,Hornet,2024,41036.0,4.0,6-Speed Automatic,R/T EAWD,SUV,All-wheel Drive
2024 Volkswagen Taos 1.5T SEL,Volkswagen,Taos,2024,33331.0,4.0,7-Speed DSGA? Automatic w/ 4MO,1.5T SEL,SUV,All-wheel Drive
2024 Dodge Hornet R/T Plus,Dodge,Hornet,2024,51835.0,4.0,6-Speed Automatic,R/T Plus,SUV,All-wheel Drive
2024 GMC Terrain Denali,GMC,Terrain,2024,44120.0,4.0,Automatic,Denali,SUV,All-wheel Drive
2024 Hyundai IONIQ 5 SE,Hyundai,IONIQ 5,2024,42466.0,Electric,1-Speed Automatic,SE,SUV,All-wheel Drive
2024 Jeep Grand Cherokee L Limited,Jeep,Grand Cherokee L,2024,54209.0,6.0,8-Speed Automatic,Limited,SUV,Four-wheel Drive
2024 RAM 3500 Laramie,RAM,3500,2024,86505.0,6.0,Automatic,Laramie,Pickup Truck,Four-wheel Drive
2024 Dodge Hornet Hornet R/T Plus Eawd,Dodge,Hornet,2024,48595.0,4.0,6-Spd Aisin F21-250 PHEV Auto Trans,Hornet R/T Plus Eawd,SUV,All-wheel Drive
2024 Acura MDX Base,Acura,MDX,2024,52950.0,6.0,10-Speed Automatic,Base,SUV,All-wheel Drive
2024 Jeep Grand Cherokee L Limited,Jeep,Grand Cherokee L,2024,52567.0,6.0,8-Speed Automatic,Limited,SUV,Four-wheel Drive
2024 Dodge Durango Pursuit,Dodge,Durango,2024,50049.0,8.0,8-Speed Automatic,Pursuit,SUV,All-wheel Drive
2024 Jeep Wagoneer Series II,Jeep,Wagoneer,2024,87488.0,6.0,8-Speed Automatic,Series II,SUV,Four-wheel Drive
2024 Hyundai IONIQ 5 SE,Hyundai,IONIQ 5,2024,43904.0,Electric,1-Speed Automatic,SE,SUV,All-wheel Drive
2024 Chevrolet Blazer EV RS,Chevrolet,Blazer EV,2024,55090.0,Electric,1-Speed Automatic,RS,SUV,All-wheel Drive
2024 Mercedes-Benz EQS 450 Base 4MATIC,Mercedes-Benz,EQS 450,2024,110395.0,Electric,Automatic,Base 4MATIC,Sedan,All-wheel Drive
2024 Jeep Grand Cherokee Laredo,Jeep,Grand Cherokee,2024,44737.0,6.0,8-Speed Automatic,Laredo,SUV,Four-wheel Drive
2024 Volkswagen ID.4 Standard,Volkswagen,ID.4,2024,41693.0,Electric,62 kWh battery,Standard,SUV,Rear-wheel Drive
2024 Hyundai Santa Cruz 2.5T XRT,Hyundai,Santa Cruz,2024,41995.0,4.0,8-Speed Automatic with Auto-Shift,2.5T XRT,Pickup Truck,All-wheel Drive
2024 Honda CR-V Hybrid Sport-L,Honda,CR-V,2024,38855.0,4.0,Automatic,Hybrid Sport-L,SUV,Front-wheel Drive
2024 Jeep Grand Cherokee 4xe Trailhawk,Jeep,Grand Cherokee 4xe,2024,58909.0,4.0,Automatic,Trailhawk,SUV,Four-wheel Drive
2024 RAM 2500 Big Horn,RAM,2500,2024,65350.0,8.0,8-Speed Automatic,Big Horn,Pickup Truck,Four-wheel Drive
2024 Jeep Grand Cherokee L Altitude,Jeep,Grand Cherokee L,2024,49411.0,6.0,Automatic,Altitude,SUV,Four-wheel Drive
2024 Jeep Wagoneer Series II,Jeep,Wagoneer,2024,72908.0,6.0,8-Speed Automatic,Series II,SUV,Four-wheel Drive
2024 Dodge Hornet R/T Plus,Dodge,Hornet,2024,50590.0,4.0,6-Speed Automatic,R/T Plus,SUV,All-wheel Drive
2024 Chevrolet Silverado 2500 LT,Chevrolet,Silverado 2500,2024,70190.0,8.0,Automatic,LT,Pickup Truck,Four-wheel Drive
2024 Chevrolet Equinox LS,Chevrolet,Equinox,2024,25515.0,4.0,6-Speed Automatic Electronic with Overdrive,LS,SUV,Front-wheel Drive
2024 Jeep Wrangler Rubicon,Jeep,Wrangler,2024,59542.0,6.0,Automatic,Rubicon,SUV,Four-wheel Drive
2024 RAM ProMaster 2500 High Roof,RAM,ProMaster 2500,2024,53445.0,6.0,9-Speed Automatic,High Roof,Cargo Van,Front-wheel Drive
2024 RAM 2500 Laramie,RAM,2500,2024,79675.0,6.0,6-Speed Automatic,Laramie,Pickup Truck,Four-wheel Drive
2024 GMC Sierra 3500 SLT,GMC,Sierra 3500,2024,87075.0,8.0,10-Speed Shiftable Automatic,SLT,Pickup Truck,Four-wheel Drive
2024 Ford Escape Active,Ford,Escape,2024,34799.0,3.0,8-Speed Automatic,Active,SUV,All-wheel Drive
2024 RAM 2500 Laramie,RAM,2500,2024,67125.0,6.0,6-Speed Automatic,Laramie,Pickup Truck,Four-wheel Drive
2024 Jeep Grand Cherokee L Laredo,Jeep,Grand Cherokee L,2024,46721.0,6.0,8-Speed Automatic,Laredo,SUV,Four-wheel Drive
2024 Kia EV6 Wind,Kia,EV6,2024,43348.0,Electric,Automatic,Wind,SUV,All-wheel Drive
2024 Jeep Grand Cherokee 4xe Base,Jeep,Grand Cherokee 4xe,2024,56119.0,4.0,8-Speed Automatic,Base,SUV,Four-wheel Drive
2024 Volkswagen Taos 1.5T SE,Volkswagen,Taos,2024,28193.0,4.0,8-Speed Automatic,1.5T SE,SUV,Front-wheel Drive
2024 Mazda CX-90 PHEV Premium Plus,Mazda,CX-90 PHEV,2024,58949.0,4.0,Automatic,Premium Plus,SUV,All-wheel Drive
2024 Mazda CX-90 PHEV Premium,Mazda,CX-90 PHEV,2024,54949.0,4.0,Automatic,Premium,SUV,All-wheel Drive
2024 Mazda CX-90 PHEV Premium,Mazda,CX-90 PHEV,2024,54949.0,4.0,Automatic,Premium,SUV,All-wheel Drive
2024 Subaru Legacy Premium,Subaru,Legacy,2024,31042.0,4.0,Automatic CVT,Premium,Sedan,All-wheel Drive
2024 Dodge Hornet GT AWD,Dodge,Hornet,2024,34000.0,4.0,9-speed automatic,GT AWD,SUV,All-wheel Drive
2024 Mazda CX-90 PHEV Premium,Mazda,CX-90 PHEV,2024,54449.0,4.0,Automatic,Premium,SUV,All-wheel Drive
2024 Ford F-350 Lariat Super Duty,Ford,F-350,2024,77885.0,8.0,10-Speed Automatic,Lariat Super Duty,Pickup Truck,Four-wheel Drive
2024 Jeep Compass Latitude,Jeep,Compass,2024,31535.0,4.0,8-Speed Automatic,Latitude,SUV,Four-wheel Drive
2024 Mazda CX-90 PHEV Preferred,Mazda,CX-90 PHEV,2024,50349.0,4.0,Automatic,Preferred,SUV,All-wheel Drive
2024 Acura MDX Technology,Acura,MDX,2024,56345.0,6.0,10-Speed Automatic,Technology,SUV,Front-wheel Drive
2024 BMW i4 Gran Coupe M50,BMW,i4 Gran Coupe,2024,73670.0,Electric,1-Speed Automatic,M50,Hatchback,All-wheel Drive
2024 Mazda CX-90 PHEV Preferred,Mazda,CX-90 PHEV,2024,50675.0,4.0,8-Speed Automatic,Preferred,SUV,All-wheel Drive
2024 RAM 3500 Tradesman,RAM,3500,2024,64516.0,6.0,Automatic,Tradesman,Pickup Truck,Four-wheel Drive
2024 Dodge Hornet GT,Dodge,Hornet,2024,36480.0,4.0,Automatic,GT,SUV,All-wheel Drive
2024 Audi Q8 e-tron Premium,Audi,Q8 e-tron,2024,89780.0,Electric,Automatic,Premium,SUV,All-wheel Drive
2024 BMW i7 eDrive50,BMW,i7,2024,110445.0,Electric,1-Speed Automatic,eDrive50,Sedan,Rear-wheel Drive
2024 Volkswagen Jetta 1.4T SE,Volkswagen,Jetta,2024,26104.0,4.0,8-Speed Automatic with Tiptronic,1.4T SE,Sedan,Front-wheel Drive
2024 Dodge Hornet R/T,Dodge,Hornet,2024,42790.0,4.0,6-Speed Automatic,R/T,SUV,All-wheel Drive
2024 BMW M235 Gran Coupe i xDrive,BMW,M235 Gran Coupe,2024,54545.0,4.0,8-Speed Automatic,i xDrive,Sedan,All-wheel Drive
2024 RAM 3500 Big Horn,RAM,3500,2024,65774.0,6.0,6-Speed Automatic,Big Horn,Pickup Truck,Four-wheel Drive
2024 Nissan Rogue SV,Nissan,Rogue,2024,34305.0,3.0,Automatic,SV,SUV,All-wheel Drive
2024 Dodge Hornet R/T Plus,Dodge,Hornet,2024,44621.0,4.0,6-Speed Automatic,R/T Plus,SUV,All-wheel Drive
2024 Dodge Hornet R/T,Dodge,Hornet,2024,39763.0,4.0,6-Speed Automatic,R/T,SUV,All-wheel Drive
2024 RAM 3500 Tradesman Crew Cab 4x4 8' Box,RAM,3500,2024,67237.0,6.0,Automatic,Tradesman Crew Cab 4x4 8&#39; Box,Pickup Truck,Four-wheel Drive
2024 Honda CR-V Hybrid Sport,Honda,CR-V Hybrid,2024,36900.0,4.0,Automatic CVT,Sport,SUV,All-wheel Drive
2024 Ford Expedition Limited,Ford,Expedition,2024,90350.0,6.0,10-Speed Automatic,Limited,SUV,Four-wheel Drive
2024 Ford Expedition Timberline,Ford,Expedition,2024,83910.0,6.0,10-Speed Automatic,Timberline,SUV,Four-wheel Drive
2024 Audi Q8 e-tron Premium,Audi,Q8 e-tron,2024,84465.0,Electric,Automatic,Premium,SUV,All-wheel Drive
2024 Chevrolet Silverado 1500 LT,Chevrolet,Silverado 1500,2024,49944.0,8.0,Automatic,LT,Pickup Truck,Four-wheel Drive
2024 Kia Sportage S,Kia,Sportage,2024,32433.0,4.0,8-Speed Automatic,S,SUV,All-wheel Drive
2024 Kia Sportage SX,Kia,Sportage,2024,33095.0,4.0,8-Speed Automatic,SX,SUV,Front-wheel Drive
2024 Kia Sportage X-Pro Prestige,Kia,Sportage,2024,39990.0,4.0,8-Speed Automatic,X-Pro Prestige,SUV,All-wheel Drive
2024 Land Rover Range Rover Evoque Dynamic SE,Land Rover,Range Rover Evoque,2024,62145.0,4.0,9-Speed Automatic,Dynamic SE,SUV,All-wheel Drive
2024 Honda Odyssey Elite,Honda,Odyssey,2024,48364.0,6.0,10-Speed Automatic,Elite,Passenger Van,Front-wheel Drive
2024 RAM 2500 Longhorn,RAM,2500,2024,83374.0,6.0,Automatic,Longhorn,Pickup Truck,Four-wheel Drive
2024 Honda Prologue TOURING,Honda,Prologue,2024,56550.0,Electric,1-Speed Automatic,TOURING,SUV,All-wheel Drive
2024 Chevrolet Equinox FWD RS,Chevrolet,Equinox,2024,31222.0,4.0,6-Speed Automatic Electronic with Overdrive,FWD RS,SUV,Front-wheel Drive
2024 GMC Sierra 2500 Denali,GMC,Sierra 2500,2024,85845.0,8.0,10-Speed Automatic,Denali,Pickup Truck,Four-wheel Drive
2024 Kia Sportage S,Kia,Sportage,2024,30034.0,4.0,8-Speed Automatic,S,SUV,Front-wheel Drive
2024 Audi Q5 e Premium 55 TFSI e S line quattro S tronic,Audi,Q5 e,2024,69995.0,4.0,7-Speed Automatic S tronic,Premium 55 TFSI e S line quattro S tronic,SUV,All-wheel Drive
2024 Volkswagen Jetta 1.4T SE,Volkswagen,Jetta,2024,27554.0,4.0,8-Speed Automatic with Tiptronic,1.4T SE,Sedan,Front-wheel Drive
2024 Nissan Titan SV,Nissan,Titan,2024,45716.0,8.0,Automatic,SV,Pickup Truck,Four-wheel Drive
2024 Audi RS e-tron GT quattro,Audi,RS e-tron GT,2024,153690.0,Electric,1-Speed Automatic,quattro,Sedan,All-wheel Drive
2024 Ford Edge ST-Line,Ford,Edge,2024,42715.0,4.0,8-Speed Automatic,ST-Line,SUV,All-wheel Drive
2024 Hyundai Santa Cruz 2.5L SEL,Hyundai,Santa Cruz,2024,36970.0,4.0,8-Speed Automatic,2.5L SEL,Pickup Truck,All-wheel Drive
2024 Volkswagen Jetta 1.5T SE,Volkswagen,Jetta,2024,26329.0,4.0,8-Speed Automatic,1.5T SE,Sedan,Front-wheel Drive
2024 Chevrolet Equinox 1LT,Chevrolet,Equinox,2024,30101.0,4.0,6-Speed Automatic,1LT,SUV,All-wheel Drive
2024 Mercedes-Benz EQS 450 Base 4MATIC,Mercedes-Benz,EQS 450,2024,113030.0,Electric,Automatic,Base 4MATIC,Sedan,All-wheel Drive
2024 Jeep Grand Cherokee 4xe Base,Jeep,Grand Cherokee 4xe,2024,54899.0,4.0,8-Speed Automatic,Base,SUV,Four-wheel Drive
2024 Kia Sportage S,Kia,Sportage,2024,32198.0,4.0,8-Speed Automatic,S,SUV,All-wheel Drive
2024 Nissan Titan SV,Nissan,Titan,2024,54585.0,8.0,Automatic,SV,Pickup Truck,Four-wheel Drive
2024 Jeep Compass Latitude,Jeep,Compass,2024,35999.0,4.0,8-Speed Automatic,Latitude,SUV,Four-wheel Drive
2024 Hyundai Tucson Hybrid SEL Convenience,Hyundai,Tucson Hybrid,2024,36882.0,4.0,6-Speed Automatic,SEL Convenience,SUV,All-wheel Drive
2024 INFINITI QX50 LUXE,INFINITI,QX50,2024,45055.0,4.0,Variable,LUXE,SUV,Front-wheel Drive
2024 RAM 3500 Big Horn,RAM,3500,2024,69697.0,6.0,Automatic,Big Horn,Pickup Truck,Four-wheel Drive
2024 Ford Mustang Mach-E Premium,Ford,Mustang Mach-E,2024,49285.0,Electric,1-Speed Automatic,Premium,SUV,All-wheel Drive
2024 Jeep Wrangler 4xe Sport S,Jeep,Wrangler 4xe,2024,51083.0,4.0,8-Speed A/T,Sport S,SUV,Four-wheel Drive
2024 Kia EV6 Wind,Kia,EV6,2024,41528.0,Electric,Automatic,Wind,SUV,All-wheel Drive
2024 Nissan Kicks SR,Nissan,Kicks,2024,27400.0,4.0,CVT,SR,SUV,Front-wheel Drive
2024 Mazda CX-90 PHEV Base,Mazda,CX-90 PHEV,2024,52445.0,4.0,8-Speed Automatic,Base,SUV,All-wheel Drive
2024 Hyundai Tucson Hybrid Blue,Hyundai,Tucson Hybrid,2024,34600.0,4.0,6-Speed Automatic,Blue,SUV,All-wheel Drive
2024 Jeep Compass Limited,Jeep,Compass,2024,34084.0,4.0,8-Speed Automatic,Limited,SUV,Four-wheel Drive
2024 Jeep Grand Cherokee Limited,Jeep,Grand Cherokee,2024,50184.0,6.0,8-Speed Automatic,Limited,SUV,Four-wheel Drive
2024 Hyundai IONIQ 5 SEL,Hyundai,IONIQ 5,2024,45842.0,Electric,1-Speed Automatic,SEL,SUV,All-wheel Drive
2024 Hyundai Santa Cruz 2.5T NIGHT,Hyundai,Santa Cruz,2024,40380.0,4.0,8-Speed Automatic with Auto-Shift,2.5T NIGHT,Pickup Truck,All-wheel Drive
2024 Land Rover Discovery Sport Dynamic SE,Land Rover,Discovery Sport,2024,55353.0,4.0,9-Speed Automatic,Dynamic SE,SUV,All-wheel Drive
2024 Mercedes-Benz Sprinter 3500 170 WB High Roof Extended Cargo,Mercedes-Benz,Sprinter 3500,2024,72357.0,4.0,9-Speed Automatic,170 WB High Roof Extended Cargo,Cargo Van,Rear-wheel Drive
2024 Hyundai Tucson Hybrid Blue,Hyundai,Tucson Hybrid,2024,34492.0,4.0,6-Speed Automatic,Blue,SUV,All-wheel Drive
2024 Hyundai Santa Cruz 2.5T XRT,Hyundai,Santa Cruz,2024,36000.0,4.0,8-Speed Automatic with Auto-Shift,2.5T XRT,Pickup Truck,All-wheel Drive
2024 Jeep Compass Latitude,Jeep,Compass,2024,35999.0,4.0,8-Speed Automatic,Latitude,SUV,Four-wheel Drive
2024 Jeep Grand Cherokee Limited,Jeep,Grand Cherokee,2024,53160.0,6.0,8-Speed Automatic,Limited,SUV,Four-wheel Drive
2024 Jeep Grand Cherokee 4xe 4x4,Jeep,Grand Cherokee 4xe,2024,59116.0,4.0,Automatic,4x4,SUV,Four-wheel Drive
2024 Jeep Wrangler Rubicon,Jeep,Wrangler,2024,67510.0,6.0,Automatic,Rubicon,SUV,Four-wheel Drive
2024 Honda Odyssey Elite,Honda,Odyssey,2024,48187.0,6.0,10-Speed Automatic,Elite,Passenger Van,Front-wheel Drive
2024 Volkswagen Jetta 1.5T SE,Volkswagen,Jetta,2024,25923.0,4.0,8-Speed Automatic,1.5T SE,Sedan,Front-wheel Drive
2024 Jeep Grand Cherokee Limited,Jeep,Grand Cherokee,2024,50702.0,6.0,8-Speed Automatic,Limited,SUV,Four-wheel Drive
2024 Volvo XC90 Recharge Plug-In Hybrid T8 Plus Bright Theme 7 Passenger,Volvo,XC90 Recharge Plug-In Hybrid,2024,75595.0,4.0,8-Speed Automatic,T8 Plus Bright Theme 7 Passenger,SUV,All-wheel Drive
2024 Jeep Wrangler 4xe Sport,Jeep,Wrangler 4xe,2024,51845.0,4.0,8-Speed Automatic,Sport,SUV,Four-wheel Drive
2024 Cadillac XT5 Premium Luxury,Cadillac,XT5,2024,60915.0,6.0,9-Speed Automatic,Premium Luxury,SUV,Front-wheel Drive
2024 RAM 3500 Big Horn,RAM,3500,2024,71167.0,6.0,6-Speed Automatic,Big Horn,Pickup Truck,Four-wheel Drive
2024 Hyundai Santa Cruz 2.5T XRT,Hyundai,Santa Cruz,2024,41975.0,4.0,8-Speed Automatic with Auto-Shift,2.5T XRT,Pickup Truck,All-wheel Drive
2024 Jeep Compass Limited,Jeep,Compass,2024,38481.0,4.0,8-Speed Automatic,Limited,SUV,Four-wheel Drive
2024 Hyundai Sonata Hybrid SEL,Hyundai,Sonata Hybrid,2024,32520.0,4.0,6-Speed Automatic,SEL,Sedan,Front-wheel Drive
2024 Chevrolet Equinox LS,Chevrolet,Equinox,2024,31537.0,4.0,6-Speed Automatic,LS,SUV,All-wheel Drive
2024 Jeep Grand Cherokee Altitude,Jeep,Grand Cherokee,2024,47175.0,6.0,Automatic,Altitude,SUV,Four-wheel Drive
2024 Dodge Hornet R/T Plus,Dodge,Hornet,2024,51585.0,4.0,6-Speed Automatic,R/T Plus,SUV,All-wheel Drive
2024 Mercedes-Benz EQS 450 Base 4MATIC,Mercedes-Benz,EQS 450,2024,113030.0,Electric,Automatic,Base 4MATIC,Sedan,All-wheel Drive
2024 Mercedes-Benz EQS 450 Base 4MATIC,Mercedes-Benz,EQS 450,2024,114850.0,Electric,1-Speed Automatic,Base 4MATIC,SUV,All-wheel Drive
2024 Nissan Frontier SV,Nissan,Frontier,2024,37946.0,6.0,9-Speed Automatic,SV,Pickup Truck,Rear-wheel Drive
2024 Chevrolet Equinox 1LT,Chevrolet,Equinox,2024,31301.0,4.0,6-Speed Automatic,1LT,SUV,All-wheel Drive
2024 Nissan Titan SV,Nissan,Titan,2024,50030.0,8.0,Automatic,SV,Pickup Truck,Four-wheel Drive
2024 GMC Savana 2500 Work Van,GMC,Savana 2500,2024,42990.0,6.0,8-Speed Automatic,Work Van,Cargo Van,Rear-wheel Drive
2024 Chevrolet Equinox RS,Chevrolet,Equinox,2024,32635.0,4.0,6-Speed Automatic,RS,SUV,Front-wheel Drive
2024 Honda HR-V LX,Honda,HR-V,2024,27450.0,4.0,Automatic,LX,SUV,All-wheel Drive
2024 Kia Niro Touring,Kia,Niro,2024,34310.0,4.0,6-SPEED AUTOMATIC,Touring,SUV,Front-wheel Drive
2024 Buick Encore GX Avenir,Buick,Encore GX,2024,36190.0,3.0,9-Speed Automatic,Avenir,SUV,All-wheel Drive
2024 Kia EV9 Light Long Range,Kia,EV9,2024,52388.0,Electric,1-Speed Automatic,Light Long Range,SUV,Rear-wheel Drive
2024 Mazda CX-90 PHEV Premium Plus,Mazda,CX-90 PHEV,2024,57849.0,4.0,Automatic,Premium Plus,SUV,All-wheel Drive
2024 Ford Edge SEL,Ford,Edge,2024,44615.0,4.0,8-Speed Automatic,SEL,SUV,All-wheel Drive
2024 Kia Sportage SX,Kia,Sportage,2024,34985.0,4.0,8-Speed Automatic,SX,SUV,Front-wheel Drive
2024 Jeep Compass Latitude,Jeep,Compass,2024,28867.0,4.0,Automatic,Latitude,SUV,Four-wheel Drive
2024 RAM ProMaster 2500 High Roof,RAM,ProMaster 2500,2024,53890.0,6.0,9-Speed Automatic,High Roof,Cargo Van,Front-wheel Drive
2024 Hyundai IONIQ 6 SEL,Hyundai,IONIQ 6,2024,48510.0,Electric,Automatic,SEL,Sedan,All-wheel Drive
2024 Kia Sportage EX,Kia,Sportage,2024,31190.0,4.0,8-Speed Automatic,EX,SUV,Front-wheel Drive
2024 Hyundai IONIQ 5 Limited,Hyundai,IONIQ 5,2024,52515.0,Electric,1-Speed Automatic,Limited,SUV,All-wheel Drive
2024 Hyundai Tucson Hybrid SEL Convenience,Hyundai,Tucson Hybrid,2024,35364.0,4.0,6-Speed Automatic,SEL Convenience,SUV,All-wheel Drive
2024 Hyundai Tucson Hybrid N Line,Hyundai,Tucson Hybrid,2024,35885.0,4.0,6-Speed Automatic,N Line,SUV,All-wheel Drive
2024 Mercedes-Benz GLE 450 4MATIC,Mercedes-Benz,GLE 450,2024,85630.0,6.0,9-Speed Automatic,4MATIC,SUV,All-wheel Drive
2024 Jeep Grand Cherokee Laredo,Jeep,Grand Cherokee,2024,47530.0,6.0,8-Speed Automatic,Laredo,SUV,Four-wheel Drive
2024 Mazda CX-90 PHEV Premium Plus,Mazda,CX-90 PHEV,2024,58399.0,4.0,Automatic,Premium Plus,SUV,All-wheel Drive
2024 Jeep Wagoneer Series II,Jeep,Wagoneer,2024,75888.0,6.0,8-Speed Automatic,Series II,SUV,Four-wheel Drive
2024 Chevrolet Silverado 1500 LT,Chevrolet,Silverado 1500,2024,49632.0,8.0,Automatic,LT,Pickup Truck,Four-wheel Drive
2024 Mazda CX-90 PHEV Premium,Mazda,CX-90 PHEV,2024,55439.0,4.0,8-Speed Automatic,Premium,SUV,All-wheel Drive
2024 Volkswagen Taos 1.5T SE,Volkswagen,Taos,2024,30618.0,4.0,7-Speed DSGA? Automatic w/ 4MO,1.5T SE,SUV,All-wheel Drive
2024 Mercedes-Benz GLS 450 4MATIC,Mercedes-Benz,GLS 450,2024,98180.0,6.0,9-Speed Automatic,4MATIC,SUV,All-wheel Drive
2024 Dodge Hornet R/T Plus,Dodge,Hornet,2024,44604.0,4.0,6-Speed Automatic,R/T Plus,SUV,All-wheel Drive
2024 Acura MDX Technology,Acura,MDX,2024,57650.0,6.0,10-Speed Automatic,Technology,SUV,All-wheel Drive
2024 Jeep Compass Latitude,Jeep,Compass,2024,32269.0,4.0,8-Speed Automatic,Latitude,SUV,Four-wheel Drive
2024 Hyundai IONIQ 5 SE,Hyundai,IONIQ 5,2024,42466.0,Electric,1-Speed Automatic,SE,SUV,All-wheel Drive
2024 Dodge Hornet R/T Plus,Dodge,Hornet,2024,45051.0,4.0,6-Speed Automatic,R/T Plus,SUV,All-wheel Drive
2024 Land Rover Discovery Sport Dynamic SE,Land Rover,Discovery Sport,2024,57508.0,4.0,9-Speed Automatic,Dynamic SE,SUV,All-wheel Drive
2024 Ford Transit-250 Base,Ford,Transit-250,2024,51803.0,6.0,Automatic,Base,Cargo Van,Rear-wheel Drive
2024 Mercedes-Benz EQS 450 Base 4MATIC,Mercedes-Benz,EQS 450,2024,114160.0,Electric,1-Speed Automatic,Base 4MATIC,SUV,All-wheel Drive
2024 Acura MDX Technology,Acura,MDX,2024,56800.0,6.0,10-Speed Automatic,Technology,SUV,Front-wheel Drive
2024 Jeep Grand Cherokee L Limited,Jeep,Grand Cherokee L,2024,52631.0,6.0,8-Speed Automatic,Limited,SUV,Four-wheel Drive
2024 Jeep Compass Limited,Jeep,Compass,2024,38500.0,4.0,8-Speed Automatic,Limited,SUV,Four-wheel Drive
2024 RAM 3500 Tradesman,RAM,3500,2024,72066.64583333333,8.0,8-Speed Automatic,Tradesman,Pickup Truck,Four-wheel Drive
2024 Chevrolet Trax LT,Chevrolet,Trax,2024,24680.0,3.0,6-Speed Automatic,LT,SUV,Front-wheel Drive
2024 BMW i5 M60,BMW,i5,2024,96895.0,Electric,1-Speed Automatic,M60,Sedan,All-wheel Drive
2024 Jeep Wrangler 4xe Rubicon X,Jeep,Wrangler 4xe,2024,54490.0,4.0,Automatic,Rubicon X,SUV,Four-wheel Drive
2024 RAM 3500 Laramie,RAM,3500,2024,80095.0,6.0,Automatic,Laramie,Pickup Truck,Four-wheel Drive
2024 Honda Odyssey Touring,Honda,Odyssey,2024,44350.0,6.0,Automatic,Touring,Passenger Van,Front-wheel Drive
2024 BMW i5 M60,BMW,i5,2024,93335.0,Electric,1-Speed Automatic,M60,Sedan,All-wheel Drive
2024 Chevrolet Silverado 1500 Custom Trail Boss,Chevrolet,Silverado 1500,2024,57635.0,8.0,Automatic,Custom Trail Boss,Pickup Truck,Four-wheel Drive
2024 Jeep Compass Latitude,Jeep,Compass,2024,28860.0,4.0,8-Speed Automatic,Latitude,SUV,Four-wheel Drive
2024 Dodge Hornet GT,Dodge,Hornet,2024,34637.0,4.0,9-Speed Automatic,GT,SUV,All-wheel Drive
2024 Jeep Grand Cherokee Limited,Jeep,Grand Cherokee,2024,50184.0,6.0,8-Speed Automatic,Limited,SUV,Four-wheel Drive
2024 Jeep Wagoneer L Series II,Jeep,Wagoneer L,2024,87190.0,6.0,8-Speed Automatic,Series II,SUV,Four-wheel Drive
2024 Mazda CX-90 PHEV Base,Mazda,CX-90 PHEV,2024,55399.0,4.0,8-Speed Automatic,Base,SUV,All-wheel Drive
2024 Hyundai Tucson Hybrid Limited,Hyundai,Tucson Hybrid,2024,41391.0,4.0,6-Speed Automatic,Limited,SUV,All-wheel Drive
2024 Ford Bronco Sport Big Bend,Ford,Bronco Sport,2024,30020.0,3.0,8-Speed Automatic,Big Bend,SUV,Four-wheel Drive
2024 BMW i5 eDrive40,BMW,i5,2024,74695.0,Electric,1-Speed Automatic,eDrive40,Sedan,Rear-wheel Drive
2024 Jeep Grand Cherokee L Overland,Jeep,Grand Cherokee L,2024,66360.0,6.0,Automatic,Overland,SUV,Four-wheel Drive
2024 Nissan Kicks SR,Nissan,Kicks,2024,26500.0,4.0,CVT,SR,SUV,Front-wheel Drive
2024 Land Rover Defender P400 X-Dynamic SE,Land Rover,Defender,2024,77645.0,6.0,8-Speed Automatic,P400 X-Dynamic SE,SUV,Four-wheel Drive
2024 Jeep Wrangler 4xe Sahara,Jeep,Wrangler 4xe,2024,58648.0,4.0,8-Speed A/T,Sahara,SUV,Four-wheel Drive
2024 Chrysler Pacifica Touring-L,Chrysler,Pacifica,2024,46450.0,6.0,9-Speed Automatic,Touring-L,Passenger Van,All-wheel Drive
2024 Jeep Compass Limited,Jeep,Compass,2024,32687.714285714286,4.0,8-Speed Automatic,Limited,SUV,Four-wheel Drive
2024 Ford Edge SEL,Ford,Edge,2024,41195.0,4.0,8-Speed Automatic,SEL,SUV,All-wheel Drive
2024 Jeep Gladiator Sport,Jeep,Gladiator,2024,46791.0,6.0,Automatic,Sport,Pickup Truck,Four-wheel Drive
2024 GMC Yukon XL SLT,GMC,Yukon XL,2024,76648.0,8.0,Automatic,SLT,SUV,Rear-wheel Drive
2024 Audi SQ8 e-tron Premium Plus,Audi,SQ8 e-tron,2024,106215.0,Electric,Automatic,Premium Plus,SUV,All-wheel Drive
2024 Audi Q5 e 55 Prestige,Audi,Q5 e,2024,78695.0,4.0,7-Speed Automatic S tronic,55 Prestige,SUV,All-wheel Drive
2024 BMW X7 M60i,BMW,X7,2024,115445.0,8.0,8-Speed Automatic,M60i,SUV,All-wheel Drive
2024 Jeep Compass Latitude,Jeep,Compass,2024,34182.0,4.0,8-Speed Automatic,Latitude,SUV,Four-wheel Drive
2024 Kia Sorento Hybrid EX,Kia,Sorento Hybrid,2024,39390.0,4.0,Automatic,EX,SUV,Front-wheel Drive
2024 Dodge Hornet GT Plus AWD,Dodge,Hornet,2024,38546.0,4.0,9-Speed 948TE Automatic,GT Plus AWD,SUV,All-wheel Drive
2024 Kia Seltos S,Kia,Seltos,2024,28630.0,4.0,Automatic CVT,S,SUV,All-wheel Drive
2024 RAM 2500 Tradesman,RAM,2500,2024,61865.0,8.0,8-Speed Automatic,Tradesman,Pickup Truck,Four-wheel Drive
2024 Jeep Compass Latitude,Jeep,Compass,2024,26860.0,4.0,8-Speed Automatic,Latitude,SUV,Four-wheel Drive
2024 Jeep Compass Latitude Lux,Jeep,Compass,2024,29826.0,4.0,8-Speed Automatic,Latitude Lux,SUV,Four-wheel Drive
2024 Dodge Hornet R/T,Dodge,Hornet,2024,42597.0,4.0,6-Speed Automatic,R/T,SUV,All-wheel Drive
2024 Kia Niro SX Touring,Kia,Niro,2024,37135.0,4.0,Automatic,SX Touring,SUV,Front-wheel Drive
2024 Dodge Hornet R/T Plus,Dodge,Hornet,2024,52180.0,4.0,6-Speed Automatic,R/T Plus,SUV,All-wheel Drive
2024 Dodge Hornet GT,Dodge,Hornet,2024,30900.0,4.0,9-Speed Automatic,GT,SUV,All-wheel Drive
2024 Jeep Grand Cherokee 4xe Anniversary Edition,Jeep,Grand Cherokee 4xe,2024,61506.0,4.0,Automatic,Anniversary Edition,SUV,Four-wheel Drive
2024 Ford Escape ST-Line,Ford,Escape,2024,33590.0,4.0,CVT,ST-Line,SUV,Front-wheel Drive
2024 Ford Escape S,Ford,Escape,2024,41765.0,4.0,CVT,S,SUV,Front-wheel Drive
2024 Jeep Grand Cherokee L Limited,Jeep,Grand Cherokee L,2024,50377.0,6.0,8-Speed Automatic,Limited,SUV,Four-wheel Drive
2024 Chevrolet Silverado 1500 LT Trail Boss,Chevrolet,Silverado 1500,2024,65416.0,8.0,automatic w/paddle shifters,LT Trail Boss,Pickup Truck,Four-wheel Drive
2024 Hyundai Santa Cruz 2.5T Limited,Hyundai,Santa Cruz,2024,43299.0,4.0,8-Speed Automatic with Auto-Shift,2.5T Limited,Pickup Truck,All-wheel Drive
2024 Jeep Grand Cherokee Limited,Jeep,Grand Cherokee,2024,47744.0,6.0,Automatic,Limited,SUV,Four-wheel Drive
2024 Jeep Grand Cherokee L Limited,Jeep,Grand Cherokee L,2024,53455.0,6.0,8-Speed Automatic,Limited,SUV,Four-wheel Drive
2024 Ford Transit-250 Base,Ford,Transit-250,2024,52853.0,6.0,Automatic,Base,Cargo Van,Rear-wheel Drive
2024 Ford Bronco Wildtrak,Ford,Bronco,2024,69035.0,6.0,10-Speed Automatic,Wildtrak,SUV,Four-wheel Drive
2024 Dodge Hornet GT AWD,Dodge,Hornet,2024,32485.0,4.0,9 Spd Automatic,GT AWD,SUV,All-wheel Drive
2024 Kia Niro EX,Kia,Niro,2024,31860.0,4.0,A/T,EX,SUV,Front-wheel Drive
2024 Subaru Outback Wilderness,Subaru,Outback,2024,44354.0,4.0,Automatic CVT,Wilderness,SUV,All-wheel Drive
2024 Hyundai Elantra HEV Blue,Hyundai,Elantra HEV,2024,27080.0,4.0,Automatic,Blue,Sedan,Front-wheel Drive
2024 Acura MDX Technology,Acura,MDX,2024,56800.0,6.0,10-Speed Automatic,Technology,SUV,Front-wheel Drive
2024 Kia EV6 Wind,Kia,EV6,2024,43348.0,Electric,Automatic,Wind,SUV,All-wheel Drive
2024 Ford Mustang Mach-E Premium,Ford,Mustang Mach-E,2024,49770.0,Electric,1-Speed Automatic,Premium,SUV,All-wheel Drive
2024 RAM 3500 Tradesman Crew Cab 4x4 8' Box,RAM,3500,2024,64214.0,6.0,Automatic,Tradesman Crew Cab 4x4 8&#39; Box,Pickup Truck,Four-wheel Drive
2024 RAM 3500 Laramie Crew Cab 4x4 8' Box,RAM,3500,2024,82523.0,6.0,Automatic,Laramie Crew Cab 4x4 8&#39; Box,Pickup Truck,Four-wheel Drive
2024 Mercedes-Benz EQS 450 Base 4MATIC,Mercedes-Benz,EQS 450,2024,117985.0,Electric,Automatic,Base 4MATIC,Sedan,All-wheel Drive
2024 Chevrolet Silverado 1500 LT,Chevrolet,Silverado 1500,2024,49496.0,8.0,Automatic,LT,Pickup Truck,Four-wheel Drive
2024 Chevrolet Silverado 1500 LT,Chevrolet,Silverado 1500,2024,43135.0,4.0,Automatic,LT,Pickup Truck,Four-wheel Drive
2024 Jeep Compass Latitude,Jeep,Compass,2024,28867.0,4.0,Automatic,Latitude,SUV,Four-wheel Drive
2024 Kia Sportage X-Line,Kia,Sportage,2024,35490.0,4.0,8-Speed Automatic,X-Line,SUV,All-wheel Drive
2024 Honda Prologue TOURING,Honda,Prologue,2024,55800.0,Electric,1-Speed Automatic,TOURING,SUV,All-wheel Drive
2024 Honda Prologue TOURING,Honda,Prologue,2024,55800.0,Electric,1-Speed Automatic,TOURING,SUV,All-wheel Drive
2024 Hyundai Tucson Hybrid Blue,Hyundai,Tucson Hybrid,2024,33109.0,4.0,6-Speed Automatic,Blue,SUV,All-wheel Drive
2024 Mazda CX-90 PHEV Premium,Mazda,CX-90 PHEV,2024,54949.0,4.0,Automatic,Premium,SUV,All-wheel Drive
2024 Hyundai Tucson Hybrid Limited,Hyundai,Tucson Hybrid,2024,39832.0,4.0,6-Speed Automatic,Limited,SUV,All-wheel Drive
2024 Hyundai IONIQ 5 Limited,Hyundai,IONIQ 5,2024,51765.0,Electric,1-Speed Automatic,Limited,SUV,All-wheel Drive
2024 Ford Mustang Mach-E Select,Ford,Mustang Mach-E,2024,45780.0,Electric,1-Speed Automatic,Select,SUV,All-wheel Drive
2024 RAM 2500 Tradesman,RAM,2500,2024,46670.0,8.0,8-Speed Automatic,Tradesman,Pickup Truck,Four-wheel Drive
2024 Ford Expedition Platinum,Ford,Expedition,2024,88135.0,6.0,10-Speed Automatic,Platinum,SUV,Four-wheel Drive
2024 Hyundai IONIQ 5 SEL,Hyundai,IONIQ 5,2024,45289.0,Electric,1-Speed Automatic,SEL,SUV,All-wheel Drive
2024 Ford Edge SE,Ford,Edge,2024,41903.11111111111,4.0,8-Speed Automatic,SE,SUV,All-wheel Drive
2024 Jeep Grand Cherokee Altitude,Jeep,Grand Cherokee,2024,43585.0,6.0,Automatic,Altitude,SUV,Four-wheel Drive
2024 Chrysler Pacifica Touring-L,Chrysler,Pacifica,2024,46163.0,6.0,9-Speed Automatic,Touring-L,Passenger Van,Front-wheel Drive
2024 Jeep Wrangler 4xe Sport,Jeep,Wrangler 4xe,2024,49550.0,4.0,8-Speed Automatic,Sport,SUV,Four-wheel Drive
2024 Volkswagen Jetta 1.5T S,Volkswagen,Jetta,2024,22260.0,4.0,8-Speed Automatic,1.5T S,Sedan,Front-wheel Drive
2024 Dodge Durango Pursuit,Dodge,Durango,2024,50049.0,6.0,8-Speed Automatic,Pursuit,SUV,All-wheel Drive
2024 Jeep Grand Cherokee Limited,Jeep,Grand Cherokee,2024,47744.0,6.0,Automatic,Limited,SUV,Four-wheel Drive
2024 Jeep Grand Cherokee 4xe Base,Jeep,Grand Cherokee 4xe,2024,54899.0,4.0,8-Speed Automatic,Base,SUV,Four-wheel Drive
2024 RAM 3500 Laramie,RAM,3500,2024,84860.0,6.0,6-Speed Automatic,Laramie,Pickup Truck,Four-wheel Drive
2024 RAM 2500 Tradesman,RAM,2500,2024,71846.0,6.0,Automatic,Tradesman,Pickup Truck,Four-wheel Drive
2024 Dodge Hornet R/T Plus EAWD,Dodge,Hornet,2024,46490.0,4.0,6-Speed Automatic,R/T Plus EAWD,SUV,All-wheel Drive
2024 Ford Mustang Mach-E Premium,Ford,Mustang Mach-E,2024,51785.0,Electric,1-Speed Automatic,Premium,SUV,All-wheel Drive
2024 Chevrolet Silverado 1500 LT,Chevrolet,Silverado 1500,2024,49180.0,8.0,Automatic,LT,Pickup Truck,Four-wheel Drive
2024 Hyundai IONIQ 6 SEL,Hyundai,IONIQ 6,2024,50945.0,Electric,Automatic,SEL,Sedan,All-wheel Drive
2024 Volkswagen Taos 1.5T SEL,Volkswagen,Taos,2024,35683.0,4.0,7-Speed DSG Automatic with Tiptronic,1.5T SEL,SUV,All-wheel Drive
2024 Ford Expedition Limited,Ford,Expedition,2024,84190.0,6.0,10-Speed Automatic,Limited,SUV,Four-wheel Drive
2024 Hyundai Sonata Hybrid Limited,Hyundai,Sonata Hybrid,2024,38870.0,4.0,6-Speed Automatic,Limited,Sedan,Front-wheel Drive
2024 Jeep Grand Cherokee Laredo,Jeep,Grand Cherokee,2024,47080.0,6.0,8-Speed Automatic,Laredo,SUV,Four-wheel Drive
2024 Jeep Wrangler 4xe Rubicon X,Jeep,Wrangler 4xe,2024,54226.0,4.0,Automatic,Rubicon X,SUV,Four-wheel Drive
2024 Jeep Compass Latitude,Jeep,Compass,2024,33255.0,4.0,8-Speed Automatic,Latitude,SUV,Four-wheel Drive
2024 Hyundai IONIQ 5 SEL,Hyundai,IONIQ 5,2024,45373.0,Electric,1-Speed Automatic,SEL,SUV,All-wheel Drive
2024 Jeep Wrangler Sport S,Jeep,Wrangler,2024,48612.0,6.0,Automatic,Sport S,SUV,Four-wheel Drive
2024 Hyundai Santa Cruz 2.5L SEL,Hyundai,Santa Cruz,2024,37100.0,4.0,8-Speed Automatic,2.5L SEL,Pickup Truck,All-wheel Drive
2024 Mazda CX-90 PHEV Premium Plus,Mazda,CX-90 PHEV,2024,59205.0,4.0,8-Speed Automatic,Premium Plus,SUV,All-wheel Drive
2024 Ford Bronco Sport Big Bend,Ford,Bronco Sport,2024,31390.0,3.0,Automatic,Big Bend,SUV,Four-wheel Drive
2024 Hyundai Palisade SEL,Hyundai,Palisade,2024,46905.0,6.0,8-Speed Automatic,SEL,SUV,All-wheel Drive
2024 Hyundai Santa Cruz 2.5T XRT,Hyundai,Santa Cruz,2024,36499.0,4.0,8-Speed Automatic with Auto-Shift,2.5T XRT,Pickup Truck,All-wheel Drive
2024 BMW i4 Gran Coupe M50,BMW,i4 Gran Coupe,2024,79300.0,Electric,1-Speed Automatic,M50,Hatchback,All-wheel Drive
2024 RAM 2500 Power Wagon,RAM,2500,2024,74990.0,6.0,Automatic,Power Wagon,Pickup Truck,Four-wheel Drive
2024 Mazda CX-90 PHEV Base,Mazda,CX-90 PHEV,2024,55399.0,4.0,8-Speed Automatic,Base,SUV,All-wheel Drive
2024 Honda CR-V Hybrid Sport-L,Honda,CR-V Hybrid,2024,40355.0,4.0,Automatic CVT,Sport-L,SUV,All-wheel Drive
2024 Dodge Hornet GT,Dodge,Hornet,2024,41977.80327868852,4.0,9-Speed Automatic,GT,SUV,All-wheel Drive
2024 Hyundai Sonata Hybrid Limited,Hyundai,Sonata Hybrid,2024,38870.0,4.0,6-Speed Automatic,Limited,Sedan,Front-wheel Drive
2024 BMW 740 i,BMW,740,2024,103045.0,6.0,8-Speed Automatic,i,Sedan,Rear-wheel Drive
2024 Volkswagen Taos 1.5T SE,Volkswagen,Taos,2024,28997.0,4.0,7-Speed DSGA? Automatic w/ 4MO,1.5T SE,SUV,All-wheel Drive
2024 Volkswagen Taos 1.5T SE,Volkswagen,Taos,2024,29066.0,4.0,8-Speed Automatic with Tiptronic,1.5T SE,SUV,Front-wheel Drive
2024 RAM 3500 Big Horn,RAM,3500,2024,72066.64583333333,6.0,6-Speed Automatic,Big Horn,Pickup Truck,Four-wheel Drive
2024 GMC Terrain SLE,GMC,Terrain,2024,33092.0,4.0,9-Speed Automatic,SLE,SUV,All-wheel Drive
2024 Hyundai Palisade SEL,Hyundai,Palisade,2024,47100.0,6.0,8-Speed Automatic,SEL,SUV,All-wheel Drive
2024 Volkswagen Taos 1.5T SE,Volkswagen,Taos,2024,32406.0,4.0,8-speed automatic,1.5T SE,SUV,Front-wheel Drive
2024 Ford Explorer XLT,Ford,Explorer,2024,40145.0,4.0,10-Speed Automatic,XLT,SUV,Rear-wheel Drive
2024 Nissan Kicks SV,Nissan,Kicks,2024,24600.0,4.0,CVT,SV,SUV,Front-wheel Drive
2024 Jeep Grand Cherokee 4xe Summit,Jeep,Grand Cherokee 4xe,2024,69201.0,4.0,8-Speed Automatic,Summit,SUV,Four-wheel Drive
2024 Nissan Versa S,Nissan,Versa,2024,17994.0,4.0,Automatic CVT,S,Sedan,Front-wheel Drive
2024 Ford Escape ST-Line Elite,Ford,Escape,2024,40630.0,4.0,8-Speed Automatic,ST-Line Elite,SUV,All-wheel Drive
2024 Jeep Grand Cherokee Laredo,Jeep,Grand Cherokee,2024,49075.0,6.0,8-Speed Automatic,Laredo,SUV,Four-wheel Drive
2024 Volkswagen Jetta 1.4T S,Volkswagen,Jetta,2024,23160.0,4.0,8-Speed Automatic with Tiptronic,1.4T S,Sedan,Front-wheel Drive
2024 Ford Mustang Mach-E Premium,Ford,Mustang Mach-E,2024,52180.0,Electric,1-Speed Automatic,Premium,SUV,All-wheel Drive
2024 Hyundai IONIQ 5 Limited,Hyundai,IONIQ 5,2024,59255.0,Electric,1-Speed Automatic,Limited,SUV,All-wheel Drive
2024 Ford Transit-250 Base,Ford,Transit-250,2024,51803.0,6.0,Automatic,Base,Cargo Van,Rear-wheel Drive
2024 Jeep Grand Cherokee 4xe Trailhawk,Jeep,Grand Cherokee 4xe,2024,67784.0,4.0,8-Speed Automatic,Trailhawk,SUV,Four-wheel Drive
2024 Hyundai Santa Cruz 2.5T NIGHT,Hyundai,Santa Cruz,2024,40449.0,4.0,8-Speed Automatic with Auto-Shift,2.5T NIGHT,Pickup Truck,All-wheel Drive
2024 Chevrolet Equinox 1LT,Chevrolet,Equinox,2024,30188.0,4.0,6-Speed Automatic Electronic with Overdrive,1LT,SUV,Front-wheel Drive
2024 Mazda CX-90 PHEV Base,Mazda,CX-90 PHEV,2024,59420.0,4.0,Automatic,Base,SUV,All-wheel Drive
2024 Mazda CX-90 PHEV Base,Mazda,CX-90 PHEV,2024,60080.0,4.0,8-Speed Automatic,Base,SUV,All-wheel Drive
2024 Audi Q8 e-tron Premium,Audi,Q8 e-tron,2024,84530.0,Electric,Automatic,Premium,SUV,All-wheel Drive
2024 Jeep Compass Latitude,Jeep,Compass,2024,30525.0,4.0,8-Speed Automatic,Latitude,SUV,Four-wheel Drive
2024 Honda Passport TrailSport,Honda,Passport,2024,44850.0,6.0,9-Speed Automatic,TrailSport,SUV,All-wheel Drive
2024 Cadillac LYRIQ Sport w/1SF,Cadillac,LYRIQ,2024,83665.0,Electric,Automatic,Sport w/1SF,SUV,Rear-wheel Drive
2024 Nissan Titan SV,Nissan,Titan,2024,47105.0,8.0,Automatic,SV,Pickup Truck,Four-wheel Drive
2024 Jeep Compass Limited,Jeep,Compass,2024,38736.0,4.0,8-Speed Automatic,Limited,SUV,Four-wheel Drive
2024 Jeep Compass Latitude,Jeep,Compass,2024,28265.0,4.0,8-Speed Automatic,Latitude,SUV,Four-wheel Drive
2024 Jeep Wrangler 4xe Sahara,Jeep,Wrangler 4xe,2024,58230.0,4.0,8-Speed Automatic,Sahara,SUV,Four-wheel Drive
2024 Jeep Wrangler 4xe Rubicon,Jeep,Wrangler 4xe,2024,67190.0,4.0,8-Speed Automatic,Rubicon,SUV,Four-wheel Drive
2024 Hyundai IONIQ 5 SEL,Hyundai,IONIQ 5,2024,45738.0,Electric,1-Speed Automatic,SEL,SUV,All-wheel Drive
2024 Ford Escape Active,Ford,Escape,2024,30278.0,3.0,8-Speed Shiftable Automatic,Active,SUV,Front-wheel Drive
2024 Ford Escape ST-Line,Ford,Escape,2024,34572.0,3.0,8-Speed Automatic,ST-Line,SUV,All-wheel Drive
2024 Jeep Wrangler 4xe Rubicon,Jeep,Wrangler 4xe,2024,66960.0,4.0,8-Speed Automatic,Rubicon,SUV,Four-wheel Drive
2024 Jeep Compass Latitude,Jeep,Compass,2024,31535.0,4.0,8-Speed Automatic,Latitude,SUV,Four-wheel Drive
2024 Chevrolet Equinox LS,Chevrolet,Equinox,2024,30955.0,4.0,Automatic,LS,SUV,All-wheel Drive
2024 Dodge Hornet GT,Dodge,Hornet,2024,34698.0,4.0,9-Speed Automatic,GT,SUV,All-wheel Drive
2024 Ford Escape ST-Line,Ford,Escape,2024,32138.0,3.0,8-Speed Automatic,ST-Line,SUV,All-wheel Drive
2024 Ford Transit-250 Base,Ford,Transit-250,2024,61248.0,6.0,Automatic,Base,Cargo Van,Rear-wheel Drive
2024 Ford Mustang Mach-E Premium,Ford,Mustang Mach-E,2024,46920.0,Electric,1-Speed Automatic,Premium,SUV,All-wheel Drive
2024 Jeep Grand Cherokee Laredo,Jeep,Grand Cherokee,2024,40925.0,6.0,Automatic,Laredo,SUV,Four-wheel Drive
2024 Chevrolet Silverado 1500 ZR2,Chevrolet,Silverado 1500,2024,76475.0,8.0,10-Speed Automatic,ZR2,Pickup Truck,Four-wheel Drive
2024 Chevrolet Silverado 1500 LT,Chevrolet,Silverado 1500,2024,49180.0,8.0,Automatic,LT,Pickup Truck,Four-wheel Drive
2024 Jeep Grand Cherokee Summit,Jeep,Grand Cherokee,2024,65360.0,6.0,Automatic,Summit,SUV,Four-wheel Drive
2024 Chevrolet Silverado 1500 Custom Trail Boss,Chevrolet,Silverado 1500,2024,47650.0,8.0,10-Speed Automatic,Custom Trail Boss,Pickup Truck,Four-wheel Drive
2024 Honda Odyssey EX-L,Honda,Odyssey,2024,41705.0,6.0,10-Speed Automatic,EX-L,Passenger Van,Front-wheel Drive
2024 Hyundai IONIQ 5 Disney100 Platinum Edition,Hyundai,IONIQ 5,2024,54495.0,Electric,1-Speed Automatic,Disney100 Platinum Edition,SUV,All-wheel Drive
2024 Hyundai Elantra HEV Limited,Hyundai,Elantra HEV,2024,30335.0,4.0,Automatic,Limited,Sedan,Front-wheel Drive
2024 Hyundai Tucson Hybrid Blue,Hyundai,Tucson Hybrid,2024,33695.0,4.0,6-Speed Automatic,Blue,SUV,All-wheel Drive
2024 Volkswagen Jetta 1.5T SEL,Volkswagen,Jetta,2024,29374.0,4.0,8-Speed Automatic,1.5T SEL,Sedan,Front-wheel Drive
2024 Jeep Wrangler 4xe Sport,Jeep,Wrangler 4xe,2024,51350.0,4.0,8-Speed Automatic,Sport,SUV,Four-wheel Drive
2024 Hyundai Tucson Hybrid SEL Convenience,Hyundai,Tucson Hybrid,2024,35744.0,4.0,6-Speed Automatic,SEL Convenience,SUV,All-wheel Drive
2024 Hyundai Elantra HEV Blue,Hyundai,Elantra HEV,2024,25975.0,4.0,6-Speed DCT Automatic,Blue,Sedan,Front-wheel Drive
2024 Toyota Tundra Hybrid Limited,Toyota,Tundra Hybrid,2024,68256.0,6.0,10-Speed Automatic,Limited,Pickup Truck,Four-wheel Drive
2024 RAM ProMaster 3500 Base,RAM,ProMaster 3500,2024,67749.0,6.0,9-Speed Automatic,Base,Cargo Van,Front-wheel Drive
2024 Jeep Grand Cherokee L Limited,Jeep,Grand Cherokee L,2024,49735.0,6.0,8-Speed Automatic,Limited,SUV,Four-wheel Drive
2024 Dodge Hornet R/T Plus,Dodge,Hornet,2024,49885.0,4.0,6-Speed Automatic,R/T Plus,SUV,All-wheel Drive
2024 Toyota Corolla Cross LE,Toyota,Corolla Cross,2024,30499.0,4.0,Automatic CVT,LE,SUV,All-wheel Drive
2024 Kia EV6 Wind,Kia,EV6,2024,41991.0,Electric,Automatic,Wind,SUV,All-wheel Drive
2024 Ford Explorer XLT,Ford,Explorer,2024,40145.0,4.0,10-Speed Automatic,XLT,SUV,Rear-wheel Drive
2024 Mazda CX-90 PHEV Premium,Mazda,CX-90 PHEV,2024,54939.0,4.0,Automatic,Premium,SUV,All-wheel Drive
2024 Jeep Wagoneer L Series II,Jeep,Wagoneer L,2024,83845.0,6.0,8-Speed Automatic,Series II,SUV,Four-wheel Drive
2024 Chevrolet Equinox EV RS,Chevrolet,Equinox EV,2024,47495.0,Electric,Automatic,RS,SUV,Front-wheel Drive
2024 Jeep Grand Wagoneer Series III,Jeep,Grand Wagoneer,2024,124250.0,6.0,8-Speed Automatic,Series III,SUV,Four-wheel Drive
2024 Mercedes-Benz Sprinter 2500 High Roof,Mercedes-Benz,Sprinter 2500,2024,65129.0,4.0,Automatic,High Roof,Pickup Truck,Rear-wheel Drive
2024 Ford Mustang Mach-E Select,Ford,Mustang Mach-E,2024,49785.0,Electric,1-Speed Automatic,Select,SUV,All-wheel Drive
2024 Cadillac XT5 Luxury,Cadillac,XT5,2024,47225.0,4.0,9-Speed Automatic,Luxury,SUV,All-wheel Drive
2024 Hyundai Santa Cruz 2.5L SEL,Hyundai,Santa Cruz,2024,31610.0,4.0,8-Speed Automatic,2.5L SEL,Pickup Truck,All-wheel Drive
2024 Toyota Tundra Hybrid 1794 Edition,Toyota,Tundra Hybrid,2024,72977.0,6.0,10-Speed Automatic,1794 Edition,Pickup Truck,Four-wheel Drive
2024 Dodge Hornet GT AWD,Dodge,Hornet,2024,36734.0,4.0,9-Speed 948TE Automatic,GT AWD,SUV,All-wheel Drive
2024 RAM 3500 Tradesman,RAM,3500,2024,61330.0,6.0,6-Speed Automatic,Tradesman,Pickup Truck,Four-wheel Drive
2024 Hyundai Kona SEL,Hyundai,Kona,2024,32009.0,4.0,Automatic CVT,SEL,SUV,All-wheel Drive
2024 Chevrolet Silverado 1500 LT,Chevrolet,Silverado 1500,2024,49229.0,8.0,Automatic,LT,Pickup Truck,Four-wheel Drive
2024 Mazda CX-90 PHEV Base,Mazda,CX-90 PHEV,2024,56995.0,4.0,Automatic,Base,SUV,All-wheel Drive
2024 Chevrolet Equinox 1LT,Chevrolet,Equinox,2024,34472.0,4.0,6-Speed Automatic,1LT,SUV,All-wheel Drive
2024 Nissan Kicks SR,Nissan,Kicks,2024,25410.0,4.0,Automatic CVT,SR,SUV,Front-wheel Drive
2024 Dodge Hornet R/T,Dodge,Hornet,2024,41977.80327868852,4.0,6-Speed Automatic,R/T,SUV,All-wheel Drive
2024 Dodge Hornet R/T Plus,Dodge,Hornet,2024,49885.0,4.0,6-Speed Automatic,R/T Plus,SUV,All-wheel Drive
2024 Toyota Corolla LE,Toyota,Corolla,2024,22623.0,4.0,Automatic CVT,LE,Sedan,Front-wheel Drive
2024 Hyundai IONIQ 5 SEL,Hyundai,IONIQ 5,2024,45830.0,Electric,Automatic,SEL,SUV,All-wheel Drive
2024 Volkswagen Jetta 1.4T SEL,Volkswagen,Jetta,2024,29895.0,4.0,8-Speed Automatic with Tiptronic,1.4T SEL,Sedan,Front-wheel Drive
2024 Hyundai IONIQ 5 SEL,Hyundai,IONIQ 5,2024,44713.0,Electric,1-Speed Automatic,SEL,SUV,All-wheel Drive
2024 RAM ProMaster 3500 Base,RAM,ProMaster 3500,2024,68095.0,6.0,9-Speed Automatic,Base,Cargo Van,Front-wheel Drive
2024 Volkswagen Jetta 1.4T S,Volkswagen,Jetta,2024,24348.0,4.0,8-Speed Automatic with Tiptronic,1.4T S,Sedan,Front-wheel Drive
2024 RAM 3500 Tradesman,RAM,3500,2024,65260.0,6.0,Automatic,Tradesman,Pickup Truck,Four-wheel Drive
2024 GMC Terrain Denali,GMC,Terrain,2024,40980.0,4.0,9-Speed Automatic,Denali,SUV,All-wheel Drive
2024 Honda CR-V Hybrid Sport,Honda,CR-V Hybrid,2024,36900.0,4.0,Automatic CVT,Sport,SUV,All-wheel Drive
2024 Hyundai Tucson Hybrid SEL Convenience,Hyundai,Tucson Hybrid,2024,37275.0,4.0,6-Speed Automatic,SEL Convenience,SUV,All-wheel Drive
2024 RAM 3500 Laramie,RAM,3500,2024,72294.0,6.0,Automatic,Laramie,Pickup Truck,Four-wheel Drive
2024 Mazda CX-90 PHEV Base,Mazda,CX-90 PHEV,2024,51625.0,4.0,8-Speed Automatic,Base,SUV,All-wheel Drive
2024 Hyundai Kona Limited,Hyundai,Kona,2024,30829.0,4.0,8-Speed Automatic,Limited,SUV,Front-wheel Drive
2024 Dodge Hornet R/T Plus,Dodge,Hornet,2024,44826.0,4.0,6-Speed Automatic,R/T Plus,SUV,All-wheel Drive
2024 Dodge Hornet GT,Dodge,Hornet,2024,38122.0,4.0,9-Speed Automatic,GT,SUV,All-wheel Drive
2024 Jeep Grand Cherokee L Altitude,Jeep,Grand Cherokee L,2024,47451.0,6.0,Automatic,Altitude,SUV,Four-wheel Drive
2024 Jeep Wrangler 4xe Sahara,Jeep,Wrangler 4xe,2024,58840.0,4.0,8-Speed Automatic,Sahara,SUV,Four-wheel Drive
2024 Dodge Hornet GT AWD,Dodge,Hornet,2024,32837.0,4.0,Automatic,GT AWD,SUV,All-wheel Drive
2024 Ford Bronco Sport Big Bend,Ford,Bronco Sport,2024,31390.0,3.0,Automatic,Big Bend,SUV,Four-wheel Drive
2024 Chrysler Pacifica Touring-L,Chrysler,Pacifica,2024,54403.0,6.0,9-Speed Automatic,Touring-L,Passenger Van,All-wheel Drive
2024 Toyota Tundra Hybrid Platinum,Toyota,Tundra Hybrid,2024,71146.0,6.0,10-Speed Automatic,Platinum,Pickup Truck,Rear-wheel Drive
2024 Jeep Wagoneer Series II,Jeep,Wagoneer,2024,84935.0,6.0,8-Speed Automatic,Series II,SUV,Four-wheel Drive
2024 RAM 2500 Tradesman 4x4 Crew Cab 8 Box,RAM,2500,2024,61481.0,6.0,6-Speed A/T,Tradesman 4x4 Crew Cab 8 Box,Pickup Truck,Four-wheel Drive
2024 Mazda CX-90 PHEV Base,Mazda,CX-90 PHEV,2024,51700.0,4.0,8-Speed Automatic,Base,SUV,All-wheel Drive
2024 Chevrolet Silverado 1500 Custom,Chevrolet,Silverado 1500,2024,42947.0,4.0,8-Speed Automatic,Custom,Pickup Truck,Rear-wheel Drive
2024 Dodge Hornet GT AWD,Dodge,Hornet,2024,34329.0,4.0,Automatic,GT AWD,SUV,All-wheel Drive
2024 RAM 3500 Tradesman,RAM,3500,2024,62154.0,8.0,8-Speed Automatic,Tradesman,Pickup Truck,Four-wheel Drive
2024 Audi A3 Premium,Audi,A3,2024,39375.0,4.0,7-Speed Automatic with Auto-Shift,Premium,Sedan,Front-wheel Drive
2024 Jeep Wrangler 4xe Rubicon,Jeep,Wrangler 4xe,2024,65295.0,4.0,8-Speed Automatic,Rubicon,SUV,Four-wheel Drive
2024 Jeep Wrangler 4xe Rubicon,Jeep,Wrangler 4xe,2024,64930.0,4.0,8-Speed Automatic,Rubicon,SUV,Four-wheel Drive
2024 Mazda CX-90 PHEV Premium,Mazda,CX-90 PHEV,2024,54949.0,4.0,Automatic,Premium,SUV,All-wheel Drive
2024 Dodge Hornet R/T Plus,Dodge,Hornet,2024,47142.0,4.0,6-Speed Automatic,R/T Plus,SUV,All-wheel Drive
2024 Hyundai Santa Cruz 2.5T XRT,Hyundai,Santa Cruz,2024,41955.0,4.0,8-Speed Automatic with Auto-Shift,2.5T XRT,Pickup Truck,All-wheel Drive
2024 Ford Escape Active,Ford,Escape,2024,36860.0,3.0,8-Speed A/T,Active,SUV,All-wheel Drive
2024 RAM 3500 Big Horn,RAM,3500,2024,76300.0,6.0,6-Speed Automatic,Big Horn,Pickup Truck,Four-wheel Drive
2024 RAM ProMaster 3500 Base,RAM,ProMaster 3500,2024,68095.0,6.0,9-Speed Automatic,Base,Cargo Van,Front-wheel Drive
2024 Ford F-150 STX,Ford,F-150,2024,45605.0,6.0,Automatic,STX,Pickup Truck,Four-wheel Drive
2024 Nissan Kicks S,Nissan,Kicks,2024,24305.0,4.0,CVT,S,SUV,Front-wheel Drive
2024 Ford Explorer XLT,Ford,Explorer,2024,46870.0,4.0,10-Speed Automatic,XLT,SUV,Rear-wheel Drive
2024 Hyundai Kona Limited,Hyundai,Kona,2024,33840.0,4.0,8-Speed Automatic,Limited,SUV,All-wheel Drive
2024 Chevrolet Silverado 1500 LT,Chevrolet,Silverado 1500,2024,50058.0,8.0,Automatic,LT,Pickup Truck,Four-wheel Drive
2024 Honda CR-V Hybrid Sport-L,Honda,CR-V Hybrid,2024,37505.0,4.0,Automatic CVT,Sport-L,SUV,Front-wheel Drive
2024 Hyundai Sonata Hybrid SEL,Hyundai,Sonata Hybrid,2024,33005.0,4.0,6-Speed Automatic,SEL,Sedan,Front-wheel Drive
2024 Acura MDX Base,Acura,MDX,2024,53700.0,6.0,10-Speed Automatic,Base,SUV,All-wheel Drive
2024 Mercedes-Benz Sprinter 3500 High Roof,Mercedes-Benz,Sprinter 3500,2024,62295.0,4.0,Automatic,High Roof,Cargo Van,Rear-wheel Drive
2024 GMC Sierra 2500 Denali,GMC,Sierra 2500,2024,90220.0,8.0,10-Speed Automatic,Denali,Pickup Truck,Four-wheel Drive
2024 Hyundai Santa Cruz 2.5T Limited,Hyundai,Santa Cruz,2024,38566.391304347824,4.0,8-Speed Automatic with Auto-Shift,2.5T Limited,Pickup Truck,All-wheel Drive
2024 Jeep Compass Limited,Jeep,Compass,2024,33696.0,4.0,8-Speed Automatic,Limited,SUV,Four-wheel Drive
2024 Jeep Grand Cherokee L Limited,Jeep,Grand Cherokee L,2024,54641.0,6.0,8-Speed Automatic,Limited,SUV,Rear-wheel Drive
2024 Cadillac LYRIQ Luxury,Cadillac,LYRIQ,2024,60115.0,Electric,1-Speed Automatic,Luxury,SUV,Rear-wheel Drive
2024 Hyundai Tucson SEL,Hyundai,Tucson,2024,32750.0,4.0,8-Speed Automatic,SEL,SUV,Front-wheel Drive
2024 Mercedes-Benz GLE 350 Base 4MATIC,Mercedes-Benz,GLE 350,2024,,4.0,9-Speed Automatic,Base 4MATIC,SUV,All-wheel Drive
2024 Mazda CX-90 PHEV Preferred,Mazda,CX-90 PHEV,2024,50595.0,4.0,8-Speed Automatic,Preferred,SUV,All-wheel Drive
2024 Jeep Wagoneer Base,Jeep,Wagoneer,2024,77473.0,6.0,8-Speed Automatic,Base,SUV,Four-wheel Drive
2024 INFINITI QX50 SPORT,INFINITI,QX50,2024,49404.0,4.0,(CVT) CONT VAR.,SPORT,SUV,Front-wheel Drive
2024 Hyundai Elantra HEV Limited,Hyundai,Elantra HEV,2024,30870.0,4.0,Automatic,Limited,Sedan,Front-wheel Drive
2024 Buick Enclave Premium,Buick,Enclave,2024,56872.0,6.0,9-Speed Automatic,Premium,SUV,All-wheel Drive
2024 Jeep Compass Latitude,Jeep,Compass,2024,34730.0,4.0,8-Speed Automatic,Latitude,SUV,Four-wheel Drive
2024 Chrysler Pacifica Limited,Chrysler,Pacifica,2024,55183.0,6.0,9-Speed Automatic,Limited,Passenger Van,All-wheel Drive
2024 Hyundai Tucson SEL,Hyundai,Tucson,2024,32625.0,4.0,8-Speed Automatic,SEL,SUV,Front-wheel Drive
2024 Nissan Versa S,Nissan,Versa,2024,20849.0,4.0,Automatic CVT,S,Sedan,Front-wheel Drive
2024 Audi A5 Sportback S line Premium,Audi,A5 Sportback,2024,52405.0,4.0,7-Speed Automatic with Auto-Shift,S line Premium,Hatchback,All-wheel Drive
2024 RAM 3500 Big Horn,RAM,3500,2024,67159.0,6.0,6-Speed Automatic,Big Horn,Pickup Truck,Four-wheel Drive
2024 Ford Edge SE,Ford,Edge,2024,40260.0,4.0,8-Speed Automatic,SE,SUV,All-wheel Drive
2024 Mercedes-Benz GLS 450 4MATIC,Mercedes-Benz,GLS 450,2024,95230.0,6.0,9-Speed Automatic,4MATIC,SUV,All-wheel Drive
2024 Hyundai Tucson Hybrid SEL Convenience,Hyundai,Tucson Hybrid,2024,35835.0,4.0,6-Speed Automatic,SEL Convenience,SUV,All-wheel Drive
2024 Hyundai Tucson Hybrid SEL Convenience,Hyundai,Tucson Hybrid,2024,35775.0,4.0,6-Speed Automatic,SEL Convenience,SUV,All-wheel Drive
2024 RAM 3500 Big Horn,RAM,3500,2024,72600.0,6.0,6-Speed Automatic,Big Horn,Pickup Truck,Four-wheel Drive
2024 Chevrolet Silverado 1500 WT,Chevrolet,Silverado 1500,2024,47410.0,8.0,10-Speed Automatic,WT,Pickup Truck,Four-wheel Drive
2024 Kia Niro EX,Kia,Niro,2024,30935.0,4.0,6-Speed Automatic,EX,SUV,Front-wheel Drive
2024 Jeep Compass Sport,Jeep,Compass,2024,27087.0,4.0,8-Speed Automatic,Sport,SUV,Four-wheel Drive
2024 Ford Edge ST-Line,Ford,Edge,2024,41903.11111111111,4.0,8-Speed Automatic,ST-Line,SUV,All-wheel Drive
2024 RAM 3500 Big Horn,RAM,3500,2024,78895.0,6.0,Aisin 6-Speed Automatic,Big Horn,Pickup Truck,Four-wheel Drive
2024 Ford Edge Titanium,Ford,Edge,2024,44710.0,4.0,8-Speed Automatic,Titanium,SUV,All-wheel Drive
2024 Nissan Sentra SV,Nissan,Sentra,2024,21637.0,4.0,Automatic,SV,Sedan,Front-wheel Drive
2024 Kia Seltos S,Kia,Seltos,2024,28535.0,4.0,Automatic CVT,S,SUV,All-wheel Drive
2024 Jeep Grand Cherokee L Limited,Jeep,Grand Cherokee L,2024,50923.0,6.0,Automatic,Limited,SUV,Four-wheel Drive
2024 Nissan Versa 1.6 SR,Nissan,Versa,2024,21889.0,4.0,Automatic CVT,1.6 SR,Sedan,Front-wheel Drive
2024 Hyundai Kona SEL,Hyundai,Kona,2024,29182.0,4.0,Automatic CVT,SEL,SUV,Front-wheel Drive
2024 Nissan Kicks SR,Nissan,Kicks,2024,21123.0,4.0,CVT with Xtronic,SR,SUV,Front-wheel Drive
2024 RAM 3500 Tradesman Crew Cab 4x4 8' Box,RAM,3500,2024,63518.0,6.0,Automatic,Tradesman Crew Cab 4x4 8&#39; Box,Pickup Truck,Four-wheel Drive
2024 RAM 3500 Laramie,RAM,3500,2024,79934.0,6.0,Automatic,Laramie,Pickup Truck,Four-wheel Drive
2024 Jeep Grand Cherokee L Altitude,Jeep,Grand Cherokee L,2024,46243.0,6.0,Automatic,Altitude,SUV,Four-wheel Drive
2024 Dodge Hornet R/T,Dodge,Hornet,2024,42876.0,4.0,6-Speed Automatic,R/T,SUV,All-wheel Drive
2024 GMC Sierra 3500 Denali,GMC,Sierra 3500,2024,102287.0,8.0,10-Speed Automatic,Denali,Pickup Truck,Four-wheel Drive
2024 Jeep Grand Cherokee L Limited,Jeep,Grand Cherokee L,2024,55020.0,6.0,8-Speed Automatic,Limited,SUV,Four-wheel Drive
2024 Jeep Grand Cherokee Laredo,Jeep,Grand Cherokee,2024,40344.0,6.0,8-Speed Automatic,Laredo,SUV,Four-wheel Drive
2024 Hyundai Kona N Line,Hyundai,Kona,2024,33491.0,4.0,8-Speed Automatic,N Line,SUV,All-wheel Drive
2024 Hyundai Tucson Hybrid Limited,Hyundai,Tucson Hybrid,2024,40754.0,4.0,Automatic,Limited,SUV,All-wheel Drive
2024 Mercedes-Benz EQS 450 Base 4MATIC,Mercedes-Benz,EQS 450,2024,111245.0,Electric,Automatic,Base 4MATIC,Sedan,All-wheel Drive
2024 Jaguar I-PACE EV400 R-Dynamic HSE,Jaguar,I-PACE,2024,77053.0,Electric,Automatic,EV400 R-Dynamic HSE,SUV,All-wheel Drive
2024 RAM 3500 Laramie Crew Cab 4x4 8' Box,RAM,3500,2024,83640.0,6.0,Automatic,Laramie Crew Cab 4x4 8&#39; Box,Pickup Truck,Four-wheel Drive
2024 Hyundai IONIQ 5 SEL,Hyundai,IONIQ 5,2024,46246.0,Electric,1-Speed Automatic,SEL,SUV,All-wheel Drive
2024 Toyota RAV4 Prime XSE,Toyota,RAV4 Prime,2024,50209.0,4.0,Automatic CVT,XSE,SUV,All-wheel Drive
2024 RAM 2500 Big Horn,RAM,2500,2024,69720.0,8.0,8-Speed Automatic,Big Horn,Pickup Truck,Four-wheel Drive
2024 Chevrolet Silverado 1500 RST,Chevrolet,Silverado 1500,2024,88478.0,8.0,Automatic,RST,Pickup Truck,Four-wheel Drive
2024 Hyundai Kona Limited,Hyundai,Kona,2024,35389.0,4.0,8-Speed Automatic,Limited,SUV,All-wheel Drive
2024 Hyundai Tucson Hybrid N Line,Hyundai,Tucson Hybrid,2024,36600.0,4.0,Automatic,N Line,SUV,All-wheel Drive
2024 Jeep Grand Cherokee L Overland,Jeep,Grand Cherokee L,2024,67105.0,6.0,Automatic,Overland,SUV,Four-wheel Drive
2024 Hyundai Tucson Hybrid N Line,Hyundai,Tucson Hybrid,2024,36600.0,4.0,Automatic,N Line,SUV,All-wheel Drive
2024 BMW i4 Gran Coupe xDrive40,BMW,i4 Gran Coupe,2024,72435.0,Electric,1-Speed Automatic,xDrive40,Hatchback,All-wheel Drive
2024 Mazda CX-90 PHEV Preferred,Mazda,CX-90 PHEV,2024,50955.0,4.0,Automatic,Preferred,SUV,All-wheel Drive
2024 Hyundai Santa Cruz 2.5T NIGHT,Hyundai,Santa Cruz,2024,40434.0,4.0,8-Speed Automatic with Auto-Shift,2.5T NIGHT,Pickup Truck,All-wheel Drive
2024 Kia Sportage EX,Kia,Sportage,2024,30740.0,4.0,8-Speed Automatic,EX,SUV,Front-wheel Drive
2024 Mercedes-Benz Sprinter 2500 Crew 144 WB,Mercedes-Benz,Sprinter 2500,2024,66902.0,4.0,Automatic,Crew 144 WB,Cargo Van,Rear-wheel Drive
2024 Hyundai IONIQ 5 Limited,Hyundai,IONIQ 5,2024,59255.0,Electric,1-Speed Automatic,Limited,SUV,All-wheel Drive
2024 Cadillac LYRIQ Sport w/1SJ,Cadillac,LYRIQ,2024,75090.0,Electric,Automatic,Sport w/1SJ,SUV,Rear-wheel Drive
2024 Chevrolet Silverado 1500 Custom Trail Boss,Chevrolet,Silverado 1500,2024,54190.0,8.0,10-Speed Automatic,Custom Trail Boss,Pickup Truck,Four-wheel Drive
2024 GMC Sierra 2500 Pro,GMC,Sierra 2500,2024,47763.0,8.0,10-Speed Automatic,Pro,Pickup Truck,Rear-wheel Drive
2024 RAM 3500 Tradesman,RAM,3500,2024,68600.0,6.0,6-Speed Automatic,Tradesman,Pickup Truck,Four-wheel Drive
2024 Mercedes-Benz GLE 450 4MATIC,Mercedes-Benz,GLE 450,2024,74290.0,6.0,9-Speed Automatic,4MATIC,SUV,All-wheel Drive
2024 Jeep Compass Latitude Lux,Jeep,Compass,2024,33668.0,4.0,8-Speed Automatic,Latitude Lux,SUV,Four-wheel Drive
2024 Jeep Wagoneer Series III,Jeep,Wagoneer,2024,89595.0,6.0,8-Speed Automatic,Series III,SUV,Four-wheel Drive
2024 Ford Mustang Mach-E Premium,Ford,Mustang Mach-E,2024,55485.0,Electric,1-Speed Automatic,Premium,SUV,All-wheel Drive
2024 Dodge Hornet Hornet R/T Eawd,Dodge,Hornet,2024,43524.0,4.0,6-Spd Aisin F21-250 PHEV Auto Trans,Hornet R/T Eawd,SUV,All-wheel Drive
2024 Ford Escape Active,Ford,Escape,2024,33071.0,3.0,8-Speed Automatic,Active,SUV,All-wheel Drive
2024 Hyundai Santa Cruz 2.5L SE,Hyundai,Santa Cruz,2024,30490.0,4.0,8-Speed Automatic,2.5L SE,Pickup Truck,All-wheel Drive
2024 Hyundai Santa Cruz 2.5T Limited,Hyundai,Santa Cruz,2024,43684.0,4.0,8-Speed Automatic with Auto-Shift,2.5T Limited,Pickup Truck,All-wheel Drive
2024 Chrysler Voyager LX,Chrysler,Voyager,2024,38954.0,6.0,9-Speed Automatic,LX,Passenger Van,Front-wheel Drive
2024 GMC Sierra 1500 SLT,GMC,Sierra 1500,2024,59466.0,8.0,10-Speed Automatic,SLT,Pickup Truck,Four-wheel Drive
2024 Toyota Tundra Hybrid Limited,Toyota,Tundra Hybrid,2024,60573.0,6.0,10-Speed Automatic,Limited,Pickup Truck,Four-wheel Drive
2024 RAM 2500 Tradesman,RAM,2500,2024,59620.0,8.0,Automatic,Tradesman,Pickup Truck,Four-wheel Drive
2024 Jeep Compass Latitude,Jeep,Compass,2024,28860.0,4.0,8-Speed Automatic,Latitude,SUV,Four-wheel Drive
2024 Hyundai IONIQ 5 SEL,Hyundai,IONIQ 5,2024,42295.0,Electric,Automatic,SEL,SUV,Rear-wheel Drive
2024 Jeep Compass Trailhawk,Jeep,Compass,2024,41230.0,4.0,Automatic,Trailhawk,SUV,Four-wheel Drive
2024 Hyundai IONIQ 5 SEL,Hyundai,IONIQ 5,2024,44565.0,Electric,1-Speed Automatic,SEL,SUV,All-wheel Drive
2024 Hyundai Kona SEL,Hyundai,Kona,2024,29111.0,4.0,Automatic CVT,SEL,SUV,Front-wheel Drive
2024 GMC Sierra 2500 Denali Ultimate,GMC,Sierra 2500,2024,96860.0,8.0,10-Speed Automatic,Denali Ultimate,Pickup Truck,Four-wheel Drive
2024 Kia Sportage SX,Kia,Sportage,2024,34635.0,4.0,8-Speed Automatic,SX,SUV,Front-wheel Drive
2024 Ford Maverick Lariat,Ford,Maverick,2024,41045.0,4.0,8-Speed Automatic,Lariat,Pickup Truck,All-wheel Drive
2024 Jeep Wagoneer Series II,Jeep,Wagoneer,2024,79487.0,6.0,8-Speed Automatic,Series II,SUV,Four-wheel Drive
2024 Volkswagen Jetta 1.4T S,Volkswagen,Jetta,2024,23160.0,4.0,8-Speed Automatic with Tiptronic,1.4T S,Sedan,Front-wheel Drive
2024 Jeep Wagoneer L Base,Jeep,Wagoneer L,2024,74366.0,6.0,8-Speed Automatic,Base,SUV,Four-wheel Drive
2024 Hyundai Tucson Hybrid Limited,Hyundai,Tucson Hybrid,2024,40979.0,4.0,6-Speed Automatic,Limited,SUV,All-wheel Drive
2024 Ford Edge SE,Ford,Edge,2024,39025.0,4.0,Automatic,SE,SUV,All-wheel Drive
2024 Hyundai IONIQ 5 SEL,Hyundai,IONIQ 5,2024,45269.0,Electric,1-Speed Automatic,SEL,SUV,All-wheel Drive
2024 Jeep Wagoneer L Series II,Jeep,Wagoneer L,2024,81160.0,6.0,8-Speed Automatic,Series II,SUV,Four-wheel Drive
2024 Ford Edge SE,Ford,Edge,2024,41903.11111111111,4.0,8-Speed Automatic,SE,SUV,All-wheel Drive
2024 Nissan Versa 1.6 SV,Nissan,Versa,2024,21195.0,4.0,CVT,1.6 SV,Sedan,Front-wheel Drive
2024 Jeep Grand Cherokee 4xe Base,Jeep,Grand Cherokee 4xe,2024,63440.0,4.0,8-Speed Automatic,Base,SUV,Four-wheel Drive
2024 Hyundai Kona Limited,Hyundai,Kona,2024,33969.0,4.0,8-Speed Automatic,Limited,SUV,Front-wheel Drive
2024 Ford Edge SEL,Ford,Edge,2024,38598.0,4.0,Automatic,SEL,SUV,All-wheel Drive
2024 GMC Sierra 1500 Denali Ultimate,GMC,Sierra 1500,2024,84405.0,8.0,10-Speed Automatic,Denali Ultimate,Pickup Truck,Four-wheel Drive
2024 Jeep Grand Cherokee Limited,Jeep,Grand Cherokee,2024,52810.0,6.0,8-Speed Automatic,Limited,SUV,Four-wheel Drive
2024 Chevrolet Silverado 1500 LT Trail Boss,Chevrolet,Silverado 1500,2024,63145.0,6.0,10-Speed Automatic,LT Trail Boss,Pickup Truck,Four-wheel Drive
2024 GMC Terrain AT4,GMC,Terrain,2024,34940.0,4.0,9-Speed Automatic,AT4,SUV,All-wheel Drive
2024 Dodge Hornet GT AWD,Dodge,Hornet,2024,37498.0,4.0,Automatic,GT AWD,SUV,All-wheel Drive
2024 RAM 3500 Tradesman,RAM,3500,2024,58950.0,6.0,6-Speed Automatic,Tradesman,Pickup Truck,Four-wheel Drive
2024 Volkswagen Taos 1.5T SE,Volkswagen,Taos,2024,32751.0,4.0,7-Speed DSG Automatic with Tiptronic,1.5T SE,SUV,All-wheel Drive
2024 Jeep Compass Trailhawk,Jeep,Compass,2024,38000.0,4.0,Automatic,Trailhawk,SUV,Four-wheel Drive
2024 Jeep Grand Cherokee L Laredo,Jeep,Grand Cherokee L,2024,48201.0,6.0,8-Speed Automatic,Laredo,SUV,Four-wheel Drive
2024 Audi Q5 e 55 Premium Plus,Audi,Q5 e,2024,73360.0,4.0,7-Speed Automatic S tronic,55 Premium Plus,SUV,All-wheel Drive
2024 RAM 3500 Tradesman Crew Cab 4x4 8' Box,RAM,3500,2024,64111.0,6.0,Automatic,Tradesman Crew Cab 4x4 8&#39; Box,Pickup Truck,Four-wheel Drive
2024 Kia Sorento LX,Kia,Sorento,2024,33590.0,4.0,8-Speed Automatic,LX,SUV,Front-wheel Drive
2024 INFINITI QX50 LUXE,INFINITI,QX50,2024,46855.0,4.0,Variable,LUXE,SUV,Front-wheel Drive
2024 Jeep Grand Cherokee L Limited,Jeep,Grand Cherokee L,2024,58779.0,6.0,8-Speed Automatic,Limited,SUV,Four-wheel Drive
2024 Subaru Outback Premium,Subaru,Outback,2024,32490.0,4.0,Automatic CVT,Premium,SUV,All-wheel Drive
2024 Ford Edge Titanium,Ford,Edge,2024,45995.0,4.0,8-Speed Automatic,Titanium,SUV,All-wheel Drive
2024 Jeep Wagoneer Series II,Jeep,Wagoneer,2024,73999.0,6.0,8-Speed Automatic,Series II,SUV,Four-wheel Drive
2024 Nissan Pathfinder SL 4WD,Nissan,Pathfinder,2024,42155.0,6.0,Automatic,SL 4WD,SUV,Four-wheel Drive
2024 Jeep Grand Cherokee Laredo,Jeep,Grand Cherokee,2024,47030.0,6.0,8-Speed Automatic,Laredo,SUV,Four-wheel Drive
2024 Jeep Grand Cherokee Laredo,Jeep,Grand Cherokee,2024,42425.0,6.0,8-Speed Automatic,Laredo,SUV,Four-wheel Drive
2024 Dodge Hornet GT Plus,Dodge,Hornet,2024,42436.0,4.0,9-Speed Automatic,GT Plus,SUV,All-wheel Drive
2024 Jeep Grand Cherokee Laredo,Jeep,Grand Cherokee,2024,47465.18518518518,6.0,8-Speed Automatic,Laredo,SUV,Four-wheel Drive
2024 Jeep Grand Cherokee L Limited,Jeep,Grand Cherokee L,2024,56015.0,6.0,Automatic,Limited,SUV,Four-wheel Drive
2024 BMW 530 i,BMW,530,2024,,4.0,8-Speed Automatic,i,Sedan,Rear-wheel Drive
2024 Acura MDX Base,Acura,MDX,2024,52350.0,6.0,10-Speed Automatic,Base,SUV,All-wheel Drive
2024 Kia EV6 Wind,Kia,EV6,2024,41991.0,Electric,Automatic,Wind,SUV,All-wheel Drive
2024 Honda HR-V LX,Honda,HR-V,2024,25950.0,4.0,Automatic,LX,SUV,Front-wheel Drive
2024 Honda Passport TrailSport,Honda,Passport,2024,46350.0,6.0,9-Speed Automatic,TrailSport,SUV,All-wheel Drive
2024 Honda HR-V LX,Honda,HR-V,2024,27450.0,4.0,Automatic,LX,SUV,All-wheel Drive
2024 Kia Sportage EX,Kia,Sportage,2024,33375.0,4.0,8-Speed Automatic,EX,SUV,All-wheel Drive
2024 Kia Sportage X-Pro Prestige,Kia,Sportage,2024,39935.0,4.0,8-Speed Automatic,X-Pro Prestige,SUV,All-wheel Drive
2024 Kia Sportage X-Line,Kia,Sportage,2024,35435.0,4.0,8-Speed Automatic,X-Line,SUV,All-wheel Drive
2024 Jeep Grand Cherokee 4xe Base,Jeep,Grand Cherokee 4xe,2024,56119.0,4.0,8-Speed Automatic,Base,SUV,Four-wheel Drive
2024 Dodge Hornet GT,Dodge,Hornet,2024,36810.0,4.0,9-Speed Automatic,GT,SUV,All-wheel Drive
2024 Dodge Hornet GT AWD,Dodge,Hornet,2024,35585.0,4.0,Automatic,GT AWD,SUV,All-wheel Drive
2024 Hyundai Santa Cruz 2.5T NIGHT,Hyundai,Santa Cruz,2024,40375.0,4.0,8-Speed Automatic with Auto-Shift,2.5T NIGHT,Pickup Truck,All-wheel Drive
2024 Jeep Compass Latitude,Jeep,Compass,2024,35835.0,4.0,8-Speed Automatic,Latitude,SUV,Four-wheel Drive
2024 Hyundai Tucson Hybrid Limited,Hyundai,Tucson Hybrid,2024,41720.0,4.0,6-Speed Automatic,Limited,SUV,All-wheel Drive
2024 Hyundai Tucson Hybrid Limited,Hyundai,Tucson Hybrid,2024,41720.0,4.0,6-Speed Automatic,Limited,SUV,All-wheel Drive
2024 Jeep Grand Cherokee 4xe Base,Jeep,Grand Cherokee 4xe,2024,62255.0,4.0,8-Speed Automatic,Base,SUV,Four-wheel Drive
2024 Audi A5 Sportback S line Premium Plus,Audi,A5 Sportback,2024,57835.0,4.0,7-Speed Automatic with Auto-Shift,S line Premium Plus,Hatchback,All-wheel Drive
2024 Jeep Grand Wagoneer Series III,Jeep,Grand Wagoneer,2024,108537.0,6.0,8-Speed Automatic,Series III,SUV,Four-wheel Drive
2024 RAM 3500 Tradesman,RAM,3500,2024,63609.0,6.0,Automatic,Tradesman,Pickup Truck,Four-wheel Drive
2024 Ford Transit-250 Base,Ford,Transit-250,2024,64025.0,6.0,Automatic,Base,Cargo Van,All-wheel Drive
2024 RAM 3500 Laramie,RAM,3500,2024,86420.0,6.0,Automatic,Laramie,Pickup Truck,Four-wheel Drive
2024 RAM 2500 Big Horn,RAM,2500,2024,77525.0,8.0,8-Speed Automatic,Big Horn,Pickup Truck,Four-wheel Drive
2024 Dodge Hornet GT,Dodge,Hornet,2024,36195.0,4.0,9-Speed Automatic,GT,SUV,All-wheel Drive
2024 Chevrolet Silverado 1500 WT,Chevrolet,Silverado 1500,2024,43475.0,4.0,Automatic,WT,Pickup Truck,Four-wheel Drive
2024 Kia Sportage X-Line,Kia,Sportage,2024,35040.0,4.0,8-Speed Automatic,X-Line,SUV,All-wheel Drive
2024 Jeep Wagoneer Base,Jeep,Wagoneer,2024,64434.0,6.0,Automatic,Base,SUV,Four-wheel Drive
2024 RAM 3500 Big Horn,RAM,3500,2024,67422.0,6.0,6-Speed Automatic,Big Horn,Pickup Truck,Four-wheel Drive
2024 Cadillac LYRIQ Luxury,Cadillac,LYRIQ,2024,60310.0,Electric,1-Speed Automatic,Luxury,SUV,All-wheel Drive
2024 Jeep Grand Cherokee 4xe Base,Jeep,Grand Cherokee 4xe,2024,61179.0,4.0,8-Speed Automatic,Base,SUV,Four-wheel Drive
2024 Mercedes-Benz Sprinter 2500 144 WB Standard Roof Crew,Mercedes-Benz,Sprinter 2500,2024,61276.0,4.0,9-Speed Automatic,144 WB Standard Roof Crew,Cargo Van,Rear-wheel Drive
2024 BMW X7 xDrive40i,BMW,X7,2024,94895.0,6.0,8-Speed Automatic,xDrive40i,SUV,All-wheel Drive
2024 Kia Seltos SX,Kia,Seltos,2024,31490.0,4.0,8-Speed Automatic,SX,SUV,All-wheel Drive
2024 Ford Expedition XLT,Ford,Expedition,2024,70115.0,6.0,10-Speed Automatic,XLT,SUV,Four-wheel Drive
2024 Jeep Wagoneer L Series II,Jeep,Wagoneer L,2024,77522.0,6.0,8-Speed Automatic,Series II,SUV,Four-wheel Drive
2024 Jeep Grand Cherokee 4xe Overland,Jeep,Grand Cherokee 4xe,2024,78655.0,4.0,8-Speed Automatic,Overland,SUV,Four-wheel Drive
2024 Nissan Kicks SR,Nissan,Kicks,2024,24105.0,4.0,Automatic CVT,SR,SUV,Front-wheel Drive
2024 Buick Envista Sport Touring,Buick,Envista,2024,28000.0,3.0,6-Speed Automatic,Sport Touring,SUV,Front-wheel Drive
2024 Kia Sportage SX,Kia,Sportage,2024,33390.0,4.0,8-Speed Automatic,SX,SUV,Front-wheel Drive
2024 Jeep Grand Cherokee 4xe Trailhawk,Jeep,Grand Cherokee 4xe,2024,60884.0,4.0,8-Speed Automatic,Trailhawk,SUV,Four-wheel Drive
2024 Dodge Hornet GT AWD,Dodge,Hornet,2024,40880.0,4.0,Automatic,GT AWD,SUV,All-wheel Drive
2024 Dodge Hornet GT,Dodge,Hornet,2024,39555.0,4.0,9-Speed Automatic,GT,SUV,All-wheel Drive
2024 Ford Bronco Sport Free Wheeling,Ford,Bronco Sport,2024,35077.0,3.0,Automatic,Free Wheeling,SUV,Four-wheel Drive
2024 Cadillac XT5 Luxury,Cadillac,XT5,2024,47290.0,4.0,Automatic,Luxury,SUV,All-wheel Drive
2024 Jeep Grand Cherokee Limited,Jeep,Grand Cherokee,2024,44759.0,6.0,8-Speed Automatic,Limited,SUV,Four-wheel Drive
2024 Mercedes-Benz GLA 250 Base 4MATIC,Mercedes-Benz,GLA 250,2024,53710.0,4.0,8 Speed Dual Clutch,Base 4MATIC,SUV,All-wheel Drive
2024 Dodge Hornet R/T,Dodge,Hornet,2024,41977.80327868852,4.0,6-Speed Automatic,R/T,SUV,All-wheel Drive
2024 Ford Expedition King Ranch,Ford,Expedition,2024,86490.0,6.0,10-Speed Automatic,King Ranch,SUV,Four-wheel Drive
2024 RAM 3500 Laramie,RAM,3500,2024,84701.0,6.0,Automatic,Laramie,Pickup Truck,Four-wheel Drive
2024 BMW X7 xDrive40i,BMW,X7,2024,88695.0,6.0,8-Speed Automatic,xDrive40i,SUV,All-wheel Drive
2024 Kia Sportage X-Line,Kia,Sportage,2024,33573.0,4.0,8-Speed Automatic,X-Line,SUV,All-wheel Drive
2024 Mercedes-Benz Sprinter 2500 144 WB Standard Roof Passenger,Mercedes-Benz,Sprinter 2500,2024,69017.0,4.0,9-Speed Automatic,144 WB Standard Roof Passenger,Passenger Van,Rear-wheel Drive
2024 RAM 3500 Tradesman,RAM,3500,2024,60925.0,6.0,Automatic,Tradesman,Pickup Truck,Four-wheel Drive
2024 Cadillac LYRIQ Luxury,Cadillac,LYRIQ,2024,73110.0,Electric,1-Speed Automatic,Luxury,SUV,All-wheel Drive
2024 Kia Telluride SX X-Pro,Kia,Telluride,2024,51965.0,6.0,Automatic,SX X-Pro,SUV,All-wheel Drive
2024 Jeep Wagoneer L Base,Jeep,Wagoneer L,2024,74366.0,6.0,8-Speed Automatic,Base,SUV,Four-wheel Drive
2024 RAM 3500 Tradesman,RAM,3500,2024,63670.0,6.0,Automatic,Tradesman,Pickup Truck,Four-wheel Drive
2024 Ford Bronco Sport Big Bend,Ford,Bronco Sport,2024,35010.0,3.0,8-Speed Automatic,Big Bend,SUV,Four-wheel Drive
2024 Mazda CX-90 3.3 Turbo Premium Plus,Mazda,CX-90,2024,49900.0,6.0,8-Speed Automatic,3.3 Turbo Premium Plus,SUV,All-wheel Drive
2024 Mercedes-Benz GLE 450 4MATIC,Mercedes-Benz,GLE 450,2024,75925.0,6.0,9-Speed Automatic,4MATIC,SUV,All-wheel Drive
2024 RAM 3500 Laramie,RAM,3500,2024,93303.0,6.0,Automatic,Laramie,Pickup Truck,Four-wheel Drive
2024 Mazda CX-90 PHEV Premium Plus,Mazda,CX-90 PHEV,2024,58049.0,4.0,Automatic,Premium Plus,SUV,All-wheel Drive
2024 Jeep Grand Cherokee L Altitude,Jeep,Grand Cherokee L,2024,49260.0,6.0,Automatic,Altitude,SUV,Four-wheel Drive
2024 Ford Edge SE,Ford,Edge,2024,41903.11111111111,4.0,8-Speed Automatic,SE,SUV,All-wheel Drive
2024 Ford Transit-150 Base,Ford,Transit-150,2024,52640.0,6.0,10-Speed Automatic,Base,Cargo Van,Rear-wheel Drive
2024 Kia Sportage SX-Prestige,Kia,Sportage,2024,38040.0,4.0,8-Speed Automatic,SX-Prestige,SUV,All-wheel Drive
2024 Jeep Grand Cherokee L Limited,Jeep,Grand Cherokee L,2024,49390.0,6.0,8-Speed Automatic,Limited,SUV,Four-wheel Drive
2024 Hyundai Kona Limited,Hyundai,Kona,2024,32491.0,4.0,8-Speed Automatic,Limited,SUV,Front-wheel Drive
2024 Mercedes-Benz GLA 250 Base 4MATIC,Mercedes-Benz,GLA 250,2024,51725.0,4.0,8-Speed Automatic with Auto-Shift,Base 4MATIC,SUV,All-wheel Drive
2024 Chevrolet Silverado 1500 LT,Chevrolet,Silverado 1500,2024,58720.0,6.0,Automatic,LT,Pickup Truck,Four-wheel Drive
2024 Genesis Electrified GV70 Advanced,Genesis,Electrified GV70,2024,60490.0,Electric,1-Speed Automatic,Advanced,SUV,All-wheel Drive
2024 BMW i7 M70,BMW,i7,2024,195895.0,Electric,1-Speed Automatic,M70,Sedan,All-wheel Drive
2024 Hyundai Tucson Hybrid SEL Convenience,Hyundai,Tucson Hybrid,2024,37215.0,4.0,6-Speed Automatic,SEL Convenience,SUV,All-wheel Drive
2024 Kia Sportage SX,Kia,Sportage,2024,32995.0,4.0,8-Speed Automatic,SX,SUV,Front-wheel Drive
2024 Mazda CX-90 3.3 Turbo S Premium,Mazda,CX-90,2024,54800.0,6.0,8-Speed Automatic,3.3 Turbo S Premium,SUV,All-wheel Drive
2024 Jeep Grand Cherokee 4xe Base,Jeep,Grand Cherokee 4xe,2024,49285.0,4.0,8-Speed Automatic,Base,SUV,Four-wheel Drive
2024 Dodge Hornet Hornet R/T Plus Eawd,Dodge,Hornet,2024,49895.0,4.0,6-Spd Aisin F21-250 PHEV Auto Trans,Hornet R/T Plus Eawd,SUV,All-wheel Drive
2024 Jeep Compass Latitude,Jeep,Compass,2024,28860.0,4.0,8-Speed Automatic,Latitude,SUV,Four-wheel Drive
2024 Jeep Grand Cherokee 4xe Base,Jeep,Grand Cherokee 4xe,2024,63440.0,4.0,8-Speed Automatic,Base,SUV,Four-wheel Drive
2024 Dodge Durango R/T,Dodge,Durango,2024,57486.0,8.0,8-Speed Automatic,R/T,SUV,All-wheel Drive
2024 Dodge Hornet R/T,Dodge,Hornet,2024,40085.0,4.0,6-Speed Automatic,R/T,SUV,All-wheel Drive
2024 Volvo S60 Recharge Plug-In Hybrid T8 Plus Dark Theme,Volvo,S60 Recharge Plug-In Hybrid,2024,57545.0,4.0,8-Speed Automatic,T8 Plus Dark Theme,Sedan,All-wheel Drive
2024 Ford Transit-350 Base,Ford,Transit-350,2024,74391.0,6.0,Automatic,Base,Cargo Van,All-wheel Drive
2024 RAM 3500 Tradesman,RAM,3500,2024,64965.0,6.0,Automatic,Tradesman,Pickup Truck,Four-wheel Drive
2024 Ford Escape Platinum,Ford,Escape,2024,38481.0,4.0,Automatic,Platinum,SUV,All-wheel Drive
2024 RAM 3500 Laramie,RAM,3500,2024,77085.0,6.0,Automatic,Laramie,Pickup Truck,Four-wheel Drive
2024 Mazda CX-90 PHEV Base,Mazda,CX-90 PHEV,2024,58825.0,4.0,8-Speed Automatic,Base,SUV,All-wheel Drive
2024 Nissan Kicks SR,Nissan,Kicks,2024,26335.0,4.0,Automatic CVT,SR,SUV,Front-wheel Drive
2024 Dodge Hornet Hornet R/T Plus Eawd,Dodge,Hornet,2024,49720.0,4.0,6-Spd Aisin F21-250 PHEV Auto Trans,Hornet R/T Plus Eawd,SUV,All-wheel Drive
2024 Chevrolet Silverado 1500 Custom,Chevrolet,Silverado 1500,2024,50565.0,4.0,8-Speed Automatic,Custom,Pickup Truck,Four-wheel Drive
2024 Buick Envista Avenir,Buick,Envista,2024,31805.0,3.0,6-Speed Automatic,Avenir,SUV,Front-wheel Drive
2024 Chevrolet Equinox RS,Chevrolet,Equinox,2024,38717.0,4.0,6-Speed Automatic,RS,SUV,All-wheel Drive
2024 Cadillac XT6 Luxury FWD,Cadillac,XT6,2024,50415.0,4.0,9-Speed Automatic,Luxury FWD,SUV,Front-wheel Drive
2024 Ford Transit-250 148 WB Medium Roof Cargo,Ford,Transit-250,2024,50486.0,6.0,10-Speed Automatic with Overdrive,148 WB Medium Roof Cargo,Cargo Van,Rear-wheel Drive
2024 Volkswagen Taos 1.5T SE,Volkswagen,Taos,2024,32406.0,4.0,8-speed automatic,1.5T SE,SUV,Front-wheel Drive
2024 Kia Sportage X-Pro Prestige,Kia,Sportage,2024,40250.0,4.0,8-Speed Automatic,X-Pro Prestige,SUV,All-wheel Drive
2024 Subaru Impreza Sport,Subaru,Impreza,2024,29068.0,4.0,Automatic CVT,Sport,Hatchback,All-wheel Drive
2024 Chrysler Voyager LX,Chrysler,Voyager,2024,38954.0,6.0,9-Speed Automatic,LX,Passenger Van,Front-wheel Drive
2024 Jeep Grand Cherokee Limited,Jeep,Grand Cherokee,2024,49842.0,6.0,8-Speed Automatic,Limited,SUV,Four-wheel Drive
2024 Nissan Murano SL,Nissan,Murano,2024,46510.0,6.0,Automatic CVT,SL,SUV,All-wheel Drive
2024 Hyundai Tucson Hybrid Limited,Hyundai,Tucson Hybrid,2024,40933.0,4.0,6-Speed Automatic,Limited,SUV,All-wheel Drive
2024 BMW X3 sDrive30i,BMW,X3,2024,49395.0,4.0,8-Speed Automatic Sport,sDrive30i,SUV,Rear-wheel Drive
2024 Jeep Compass Latitude,Jeep,Compass,2024,28265.0,4.0,8-Speed Automatic,Latitude,SUV,Four-wheel Drive
2024 RAM 2500 Tradesman Regular Cab 4x4 8' Box,RAM,2500,2024,53750.0,8.0,Automatic,Tradesman Regular Cab 4x4 8&#39; Box,Pickup Truck,Four-wheel Drive
2024 Subaru Outback Limited,Subaru,Outback,2024,39822.0,4.0,Automatic CVT,Limited,SUV,All-wheel Drive
2024 Jeep Wagoneer L Series II,Jeep,Wagoneer L,2024,88135.0,6.0,8-Speed Automatic,Series II,SUV,Four-wheel Drive
2024 Ford Escape ST-Line,Ford,Escape,2024,30798.0,3.0,Automatic,ST-Line,SUV,Front-wheel Drive
2024 Volkswagen Taos 1.5T S,Volkswagen,Taos,2024,25311.0,4.0,7-Speed DSGA? Automatic w/ 4MO,1.5T S,SUV,All-wheel Drive
2024 Jeep Grand Cherokee L Laredo,Jeep,Grand Cherokee L,2024,49201.0,6.0,8-Speed Automatic,Laredo,SUV,Four-wheel Drive
2024 Volkswagen Taos 1.5T SE,Volkswagen,Taos,2024,29386.0,4.0,7-Speed DSGA? Automatic w/ 4MO,1.5T SE,SUV,All-wheel Drive
2024 Volkswagen Taos 1.5T SE,Volkswagen,Taos,2024,28994.0,4.0,7-Speed DSGA? Automatic w/ 4MO,1.5T SE,SUV,All-wheel Drive
2024 Dodge Hornet Hornet R/T Plus Eawd,Dodge,Hornet,2024,49895.0,4.0,6-Spd Aisin F21-250 PHEV Auto Trans,Hornet R/T Plus Eawd,SUV,All-wheel Drive
2024 Hyundai Tucson Hybrid SEL Convenience,Hyundai,Tucson Hybrid,2024,36280.0,4.0,6-Speed Automatic,SEL Convenience,SUV,All-wheel Drive
2024 Ford Expedition Limited,Ford,Expedition,2024,80374.0,6.0,10-Speed Automatic,Limited,SUV,Four-wheel Drive
2024 RAM ProMaster 1500 Low Roof,RAM,ProMaster 1500,2024,51380.0,6.0,9-Speed Automatic,Low Roof,Cargo Van,Front-wheel Drive
2024 Dodge Hornet Hornet R/T Plus Eawd,Dodge,Hornet,2024,52180.0,4.0,6-Spd Aisin F21-250 PHEV Auto Trans,Hornet R/T Plus Eawd,SUV,All-wheel Drive
2024 Dodge Hornet GT,Dodge,Hornet,2024,41977.80327868852,4.0,9-Speed Automatic,GT,SUV,All-wheel Drive
2024 Volkswagen Taos 1.5T SE,Volkswagen,Taos,2024,28998.0,4.0,7-Speed DSGA? Automatic w/ 4MO,1.5T SE,SUV,All-wheel Drive
2024 Nissan Kicks SV,Nissan,Kicks,2024,24979.0,4.0,CVT with Xtronic,SV,SUV,Front-wheel Drive
2024 Ford Transit-350 148 WB Medium Roof Cargo,Ford,Transit-350,2024,52530.0,6.0,Automatic,148 WB Medium Roof Cargo,Cargo Van,Rear-wheel Drive
2024 Hyundai IONIQ 5 SE,Hyundai,IONIQ 5,2024,38201.0,Electric,Automatic,SE,SUV,Rear-wheel Drive
2024 Ford Edge ST-Line,Ford,Edge,2024,41903.11111111111,4.0,8-Speed Automatic,ST-Line,SUV,All-wheel Drive
2024 Kia EV6 Wind,Kia,EV6,2024,41528.0,Electric,Automatic,Wind,SUV,All-wheel Drive
2024 Jeep Grand Cherokee 4xe Base,Jeep,Grand Cherokee 4xe,2024,49082.0,4.0,8-Speed Automatic,Base,SUV,Four-wheel Drive
2024 Subaru Impreza RS,Subaru,Impreza,2024,32098.0,4.0,Automatic CVT,RS,Hatchback,All-wheel Drive
2024 Jeep Grand Cherokee 4xe Base,Jeep,Grand Cherokee 4xe,2024,53791.0,4.0,8-Speed Automatic,Base,SUV,Four-wheel Drive
2024 Jeep Grand Cherokee L Laredo,Jeep,Grand Cherokee L,2024,49139.0,6.0,8-Speed Automatic,Laredo,SUV,Four-wheel Drive
2024 Ford Expedition XLT,Ford,Expedition,2024,72135.0,6.0,10-Speed Automatic,XLT,SUV,Four-wheel Drive
2024 Honda CR-V EX-L,Honda,CR-V,2024,37965.0,4.0,Automatic CVT,EX-L,SUV,All-wheel Drive
2024 Kia Soul S,Kia,Soul,2024,21000.0,4.0,Automatic,S,Hatchback,Front-wheel Drive
2024 Hyundai Tucson Hybrid SEL Convenience,Hyundai,Tucson Hybrid,2024,37335.0,4.0,6-Speed Automatic,SEL Convenience,SUV,All-wheel Drive
2024 Kia Sportage X-Line,Kia,Sportage,2024,33785.0,4.0,8-Speed Automatic,X-Line,SUV,All-wheel Drive
2024 GMC Sierra 2500 Pro,GMC,Sierra 2500,2024,48268.0,8.0,10-Speed Automatic,Pro,Pickup Truck,Rear-wheel Drive
2024 Dodge Hornet R/T Plus,Dodge,Hornet,2024,45141.0,4.0,6-Speed Automatic,R/T Plus,SUV,All-wheel Drive
2024 Volkswagen Taos 1.5T S,Volkswagen,Taos,2024,28098.0,4.0,7-Speed DSG Automatic with Tiptronic,1.5T S,SUV,All-wheel Drive
2024 Nissan Kicks SR,Nissan,Kicks,2024,24430.0,4.0,Automatic CVT,SR,SUV,Front-wheel Drive
2024 Nissan Kicks SR,Nissan,Kicks,2024,24430.0,4.0,Automatic CVT,SR,SUV,Front-wheel Drive
2024 Nissan Kicks SR,Nissan,Kicks,2024,25080.0,4.0,Automatic CVT,SR,SUV,Front-wheel Drive
2024 Mercedes-Benz AMG C 43 Base 4MATIC,Mercedes-Benz,AMG C 43,2024,73960.0,4.0,9-Speed Automatic,Base 4MATIC,Sedan,All-wheel Drive
2024 Jeep Grand Cherokee L Laredo,Jeep,Grand Cherokee L,2024,46659.0,6.0,8-Speed Automatic,Laredo,SUV,Four-wheel Drive
2024 Dodge Hornet R/T,Dodge,Hornet,2024,43490.0,4.0,6-Speed Automatic,R/T,SUV,All-wheel Drive
2024 RAM 3500 Laramie Crew Cab 4x4 8' Box,RAM,3500,2024,80927.0,6.0,Automatic,Laramie Crew Cab 4x4 8&#39; Box,Pickup Truck,Four-wheel Drive
2024 Chevrolet Equinox 1LT,Chevrolet,Equinox,2024,33977.0,4.0,6-Speed Automatic,1LT,SUV,All-wheel Drive
2024 Kia Sportage X-Line,Kia,Sportage,2024,35795.0,4.0,8-Speed Automatic,X-Line,SUV,All-wheel Drive
2024 Ford Maverick XLT,Ford,Maverick,2024,36550.0,4.0,8-Speed Automatic,XLT,Pickup Truck,All-wheel Drive
2024 Hyundai Tucson Hybrid SEL Convenience,Hyundai,Tucson Hybrid,2024,37805.0,4.0,6-Speed Automatic,SEL Convenience,SUV,All-wheel Drive
2024 Jeep Wagoneer Series II,Jeep,Wagoneer,2024,74625.0,6.0,8-Speed Automatic,Series II,SUV,Four-wheel Drive
2024 Kia Sportage X-Line,Kia,Sportage,2024,35400.0,4.0,8-Speed Automatic,X-Line,SUV,All-wheel Drive
2024 Dodge Hornet R/T Plus,Dodge,Hornet,2024,43613.0,4.0,6-Speed Automatic,R/T Plus,SUV,All-wheel Drive
2024 Jeep Grand Cherokee L Altitude,Jeep,Grand Cherokee L,2024,49836.0,6.0,Automatic,Altitude,SUV,Four-wheel Drive
2024 Hyundai Kona SE,Hyundai,Kona,2024,27555.0,4.0,Automatic CVT,SE,SUV,All-wheel Drive
2024 Ford Escape Active,Ford,Escape,2024,29305.0,3.0,8-Speed Automatic,Active,SUV,Front-wheel Drive
2024 Ford Edge SE,Ford,Edge,2024,40015.0,4.0,8-Speed Automatic,SE,SUV,All-wheel Drive
2024 Kia Sportage SX-Prestige,Kia,Sportage,2024,35195.0,4.0,8-Speed Automatic,SX-Prestige,SUV,Front-wheel Drive
2024 Kia EV6 Wind,Kia,EV6,2024,43439.0,Electric,Automatic,Wind,SUV,All-wheel Drive
2024 Ford Bronco Sport Outer Banks,Ford,Bronco Sport,2024,35615.0,3.0,8-Speed Automatic,Outer Banks,SUV,Four-wheel Drive
2024 Kia Forte LXS,Kia,Forte,2024,21070.0,4.0,Automatic CVT,LXS,Sedan,Front-wheel Drive
2024 Nissan Versa S,Nissan,Versa,2024,20842.0,4.0,Automatic CVT,S,Sedan,Front-wheel Drive
2024 Ford Explorer XLT,Ford,Explorer,2024,43685.0,4.0,10-Speed Automatic,XLT,SUV,Rear-wheel Drive
2024 Jeep Wagoneer L Base,Jeep,Wagoneer L,2024,66770.0,6.0,8-Speed Automatic,Base,SUV,Four-wheel Drive
2024 RAM ProMaster 1500 Low Roof,RAM,ProMaster 1500,2024,48822.0,6.0,9-Speed Automatic,Low Roof,Cargo Van,Front-wheel Drive
2024 Hyundai Tucson Hybrid SEL Convenience,Hyundai,Tucson Hybrid,2024,37220.0,4.0,6-Speed Automatic,SEL Convenience,SUV,All-wheel Drive
2024 Jeep Grand Cherokee 4xe Trailhawk,Jeep,Grand Cherokee 4xe,2024,67164.0,4.0,8-Speed Automatic,Trailhawk,SUV,Four-wheel Drive
2024 Hyundai Tucson Hybrid SEL Convenience,Hyundai,Tucson Hybrid,2024,37309.0,4.0,6-Speed Automatic,SEL Convenience,SUV,All-wheel Drive
2024 Jeep Grand Cherokee 4xe Overland,Jeep,Grand Cherokee 4xe,2024,77314.0,4.0,8-Speed Automatic,Overland,SUV,Four-wheel Drive
2024 Jeep Grand Cherokee 4xe Overland,Jeep,Grand Cherokee 4xe,2024,70312.0,4.0,8-Speed Automatic,Overland,SUV,Four-wheel Drive
2024 Jeep Compass Latitude,Jeep,Compass,2024,36331.0,4.0,8-Speed Automatic,Latitude,SUV,Four-wheel Drive
2024 Jeep Grand Cherokee 4xe Base,Jeep,Grand Cherokee 4xe,2024,62343.0,4.0,8-Speed Automatic,Base,SUV,Four-wheel Drive
2024 RAM 3500 Tradesman,RAM,3500,2024,67446.0,6.0,Automatic,Tradesman,Pickup Truck,Four-wheel Drive
2024 Hyundai Tucson Hybrid Limited,Hyundai,Tucson Hybrid,2024,40835.0,4.0,Automatic,Limited,SUV,All-wheel Drive
2024 Jeep Gladiator Sport,Jeep,Gladiator,2024,54620.0,6.0,Automatic,Sport,Pickup Truck,Four-wheel Drive
2024 Jeep Grand Cherokee L Limited,Jeep,Grand Cherokee L,2024,59674.0,6.0,Automatic,Limited,SUV,Four-wheel Drive
2024 RAM 2500 Tradesman,RAM,2500,2024,69315.0,6.0,Automatic,Tradesman,Pickup Truck,Four-wheel Drive
2024 Mercedes-Benz Sprinter 2500 Standard Roof,Mercedes-Benz,Sprinter 2500,2024,59037.0,4.0,9-Speed Automatic,Standard Roof,Cargo Van,Rear-wheel Drive
2024 Dodge Hornet Hornet R/T Plus Eawd,Dodge,Hornet,2024,49720.0,4.0,6-Spd Aisin F21-250 PHEV Auto Trans,Hornet R/T Plus Eawd,SUV,All-wheel Drive
2024 Jeep Wagoneer Base,Jeep,Wagoneer,2024,69085.0,6.0,8-Speed Automatic,Base,SUV,Four-wheel Drive
2024 Nissan Murano SV Intelligent AWD,Nissan,Murano,2024,43495.0,6.0,Automatic,SV Intelligent AWD,SUV,All-wheel Drive
2024 Chevrolet Silverado 2500 WT,Chevrolet,Silverado 2500,2024,48995.0,8.0,Automatic,WT,Pickup Truck,Rear-wheel Drive
